img,title,author,eth_price
https://i.seadn.io/gae/3V3KOVk6B-ZisryjmUSWWV4ci0xaj5zXlu6GVZYWW7oJhZiqDBB9seBaK2ylO3MNF__ALrXV5DD92n9x-8EtgHkk18_NVCBSv5GYecs?auto=format&w=3840,1571,Amazonia - Sebastiao Salgado,0.40
https://i.seadn.io/gae/3n4MfjCt_aEhxpDypfOlcP2PHyaGU-fmSohxE0ZxyE3nkg27b_6Qp3DuYWTV6w5ZD8wKmx7CFoCbQmB1XJbUcMY1H9h047AeRk8TNg?auto=format&w=3840,Anxious Pleasures - 2020_1010,Anxious Pleasures by Amy Elkins,0.65
https://i.seadn.io/gae/YEGY15kIKl1YTkhTis5YW8Q5vpo9pyhOjDd53RXMjrFxR7ABrBrKj9tZMXThF3gDIUdduqer5usui7d2Sjwz_g7vfJp9bg9Ohc5YTuY?auto=format&w=3840,855,Amazonia - Sebastiao Salgado,0.40
https://i.seadn.io/gae/FW5wp_JJaIjJJ5M8x7DvJS9P3ROKwWEzwVEJMwUvLCuukaLjERZk30E1xoGLEbpV1Z2ZnVgR5hY66lNhPsS2xiJPlu-yvC_1CfkdeQ?auto=format&w=3840,801,Amazonia - Sebastiao Salgado,0.40
https://i.seadn.io/gae/g8Jk4xn8Q-bMGyjqJiWWaTXn_Ju6UR8VX2LPPyq6sMA9ZiaGEK2jiazSY1RyZ6nvMlr_GwYZmtPYW_QPc-hDJ1SZ00u3WityuKJRDsw?auto=format&w=3840,PHOTOPIA 2022 #6906,PHOTOPIA 2022 - Genesis Edition,1
https://i.seadn.io/gae/oJDa17mnCwDatyk2_1uGdoWGafeUgVoHO1W1jAVH2tk1fYw1sG_eKkTbEKjDfKmRMfOe-POTyRKl-eetk1YY3hYvIH_wxv57ryghhQ?auto=format&w=3840,1202,Amazonia - Sebastiao Salgado,0.195
https://i.seadn.io/gae/1atsL6ffTQ_qjGzl0eN6BRYdUs4RobJtl19kj8tEuaGjOwkjanMMzK9b1m3AGar3IBNBh_bXaOHWN1JASmyzk5belPO_buoDJk6MhD8?auto=format&w=3840,Golden hour,DREAMERS EDITIONS BY LAURENT CASTELLANI,0.333
https://i.seadn.io/gae/l1uOsJJndOZcX4SxSk_t9gEakfliHhfJLgw9MzbGzGs-Clh0xr_bi5aLJVaxjIje1rzjQd-RAQXmYy8785cMiesbrd4BhyHv3p-xEg?auto=format&w=3840,Prism,DREAMERS EDITIONS BY LAURENT CASTELLANI,0.44
https://i.seadn.io/gae/W-AGzWp-NGtKSEgETnu3IDh9k_kdIWhXifWs6TQoMbg8iAvfW-uwnAN2-4-PT7HxQw5yeRHYb6U6Deqkqr1jM81c4aeGFPNuAjLWKg?auto=format&w=3840,1391,Amazonia - Sebastiao Salgado,1.60
https://i.seadn.io/gae/HizGksCw_WZOqwC9S0bioczbBAH2hJWYqWUwhytW-mJo68Tmy45Ghu7wXM7sODCqXA-xnuq1Dt6imjnTiPOUJjcnipopxv0_SQupbQ?auto=format&w=3840,Moongirl #2736,Moongirls by Emanuele Ferrari,0.055
https://i.seadn.io/gae/TtH_KVZuIzDEiPtNT1hPTu2XblQpislM-IKKbMozm3GSaAeLKqeAhr5JQWue_xAlluvHsoWB2MaGuHw1XADoq7jxyr2yxbgJpqcTGBo?auto=format&w=3840,PHOTOPIA 2022 #5089,PHOTOPIA 2022 - Genesis Edition,0.03
https://i.seadn.io/gae/YheFi0bdqvEPFhrFqfCfZTfwuKHmNCQkqhnpX4Xei_lMSRvcFhQ6XqRdTURQlmg2CLI8QWJ8vQSW6sixYI30GxZH0KlxnzK67lxhR8I?auto=format&w=3840,Metascapes #439,The Metascapes,0.13
https://i.seadn.io/gae/Gy06CAFRa6-4-c1kx1HdMPG_2Zg5t-1fw9LvdKowOibBzfLx6NjZ_1_kecRNsd60Y5zoYnKHxSV5avylFxKgsUGQY0_3qwbnEIOH?auto=format&w=3840,PHOTOPIA 2022 #5244,PHOTOPIA 2022 - Genesis Edition,0.02
https://i.seadn.io/gae/vI569ZiE2Hn4We6THwBuS_Wu_LXyuDSwFOBrO38ycIkSbJchykgwEsOJtOniN8ifRvlazQP5M2Ote1OZO3yF0bofYvPgWWcLTsBbo6M?auto=format&w=3840,Moongirl #2092,Moongirls by Emanuele Ferrari,0.13
https://i.seadn.io/gae/QmonhGHTQs5FEbWgRMdcrSRiQknwQl1smhooBR9_imLLbm2o_Cf6uTTvRmQ65uXrDzDPPayF1wn5VHEGBSyife7-WLt3ADPOtW4bnw?auto=format&w=3840,1320,Amazonia - Sebastiao Salgado,0.25
https://i.seadn.io/gae/ZA2gSyBQIuQlfXtsxAkTgzP5C4qe-0Zu5EKnnwbfrgjBK860ZxPkTjtJD4SaCDAL-cul4RrvVnCD-7awdFlvjlMp6siYHxtvr6ipTdg?auto=format&w=3840,114,Amazonia - Sebastiao Salgado,0.642
https://i.seadn.io/gae/OLquFJk4qqfhQZ_5leMTtXrQOUAkI5f6AItCx1cCSU9WRAa5W8TOvB4rWqj-5d2Diu7Z0LBd2X_LjGt0xk5V9sQZpS6ty4D5VrXPYw?auto=format&w=3840,First Day Out #4923/10351,First Day Out by DrifterShoots,0.032
https://i.seadn.io/gae/OLquFJk4qqfhQZ_5leMTtXrQOUAkI5f6AItCx1cCSU9WRAa5W8TOvB4rWqj-5d2Diu7Z0LBd2X_LjGt0xk5V9sQZpS6ty4D5VrXPYw?auto=format&w=3840,First Day Out #7479/10351,First Day Out by DrifterShoots,0.032
https://i.seadn.io/gae/KQCOusZIt3UflzpOceMciSdsWMfL1S-Ly-0b3ZRfka9ZFfrUIsbabCGuLDt5_CnF6rTahMVOjLdav485G60P9W9-4kKgNg4tlMLyUA?auto=format&w=3840,Moongirl #2154,Moongirls by Emanuele Ferrari,0.06
https://i.seadn.io/gae/TtH_KVZuIzDEiPtNT1hPTu2XblQpislM-IKKbMozm3GSaAeLKqeAhr5JQWue_xAlluvHsoWB2MaGuHw1XADoq7jxyr2yxbgJpqcTGBo?auto=format&w=3840,PHOTOPIA 2022 #8350,PHOTOPIA 2022 - Genesis Edition,0.023
"data:image/gif;base64,R0lGODlhAQABAIAAAAAAAP///yH5BAEAAAAALAAAAAABAAEAAAIBRAA7",656,Amazonia - Sebastiao Salgado,1.15
"data:image/gif;base64,R0lGODlhAQABAIAAAAAAAP///yH5BAEAAAAALAAAAAABAAEAAAIBRAA7",9dcc ITERATION-01 looks S,9dcc ITERATION-01 looks,0.069
https://i.seadn.io/gae/TtH_KVZuIzDEiPtNT1hPTu2XblQpislM-IKKbMozm3GSaAeLKqeAhr5JQWue_xAlluvHsoWB2MaGuHw1XADoq7jxyr2yxbgJpqcTGBo?auto=format&w=3840,PHOTOPIA 2022 #344,PHOTOPIA 2022 - Genesis Edition,0.023
"data:image/gif;base64,R0lGODlhAQABAIAAAAAAAP///yH5BAEAAAAALAAAAAABAAEAAAIBRAA7",1563,Amazonia - Sebastiao Salgado,0.25
"data:image/gif;base64,R0lGODlhAQABAIAAAAAAAP///yH5BAEAAAAALAAAAAABAAEAAAIBRAA7",188,Amazonia - Sebastiao Salgado,1
"data:image/gif;base64,R0lGODlhAQABAIAAAAAAAP///yH5BAEAAAAALAAAAAABAAEAAAIBRAA7",PHOTOPIA 2022 #7981,PHOTOPIA 2022 - Genesis Edition,0.005
"data:image/gif;base64,R0lGODlhAQABAIAAAAAAAP///yH5BAEAAAAALAAAAAABAAEAAAIBRAA7",106,Amazonia - Sebastiao Salgado,0.20
"data:image/gif;base64,R0lGODlhAQABAIAAAAAAAP///yH5BAEAAAAALAAAAAABAAEAAAIBRAA7",Moongirl #3253,Moongirls by Emanuele Ferrari,0.21
https://i.seadn.io/gae/BHbeSVvxZS9TteTtsS-BF9MSAZ25p7WpCNmfa24MJKaLYpNhEE5gpjnN89PNs4mo0d4PhxZqQqvC_2p1dda8r_SQ7pdN_lba2ZkvDA?auto=format&w=3840,Homage #09,Keepers of the Inn,0.10
https://i.seadn.io/gae/CR1MaGkhRVizbBgpNETfhCwMOgLm69wGs9MjrNsln-ZflOxU9d2mOyVLpC1DOdbSrujfJt_A8TQY0E5gKMLwPWet0ZEhk5o2YwEobq0?auto=format&w=3840,Rose Arrives #59,Keepers of the Inn,0.11
https://i.seadn.io/gae/I8CFmA3Q6j5DGlQ9REpO05F8UbyY4lmHY1Xf39C0nkEFzMa2rblOAloitk7HGWeC7-cmKtLUW5wr2IzcZdJZgI2e0sfte6Yu9J-etRU?auto=format&w=3840,Homage #20,Keepers of the Inn,0.11
https://i.seadn.io/gae/thTNgM87yVeAijPrcVFH2yl8oBt1rsyUArkKK8jo-yqiX4pPUnKJ3nW3Jp-VQ4d8m5Sqmw3XmKJPjYTz9tH5fR2EEfDDEEJwJ4d4Ozo?auto=format&w=3840,Women Unite - 10k Assemble 2222,Women Unite - 10k Assemble,8.88
https://i.seadn.io/gae/enJzDVFYqNE39cZYbWPgJm-3v50zGHsj7WXE9bYI5pC3lzrAEOaa9nSfhjMWCSu37aZnAoZVvLhlcu9TnRZ54ZzhN9kzT7uECXvz?auto=format&w=3840,Homage #11,Keepers of the Inn,0.10
https://i.seadn.io/gae/4G3AtXNkEmNBXIWNOvIDDJfFd27dnUXVFOq_kOZ6pfPgQTHKwCiyeP2p9fBYU2TIoQU4H_rKOhUnEKIEbm526j88WvpeTdSHV0dkk5Y?auto=format&w=3840,Doppelgänger #73,Doppelgänger,1.20
https://i.seadn.io/gae/dwe6p6LMZVv0YNqnR0_XeQrjsD_GQUuzPLJb30RWl6_yOvnHwyWZV7BJGBnCjf-JOB-yxBUoa7FRihdH57ZFbUEKaILg0fFxCqt6dw?auto=format&w=3840,PHOTOPIA 2022 #3976,PHOTOPIA 2022 - Genesis Edition,0.006
https://i.seadn.io/gae/Gl3wqccC-_S1Z2HAlc0FPlWaOxNTh0kZQ0vKk5-bYZ1UrjttdTcDBGNG8jKkH1LbCZDQDMhCkcvXJute4D-n6SlR_49wxrZr146YxmQ?auto=format&w=3840,1584,Amazonia - Sebastiao Salgado,0.239
https://i.seadn.io/gae/ACYPs12xANF88GVNHbazloBRvGi2pkOw9yYDYppGxmn7-CB--hXrWYL5xXhjfeSOJUC6AzAq_LqPfEPaY52CGBOFDzbr9FR_NK-Qpg?auto=format&w=3840,1378,Amazonia - Sebastiao Salgado,0.465
https://i.seadn.io/gae/qZZYb1MkzR4GhtjhoKq72dKriizYwvq9BvYji42i2R-MaMvKBl-Rs59IHrXsA0uHyXWkNF__cyQSsrQWJMhkg3fMQPtW30MA4l056SA?auto=format&w=3840,Women Unite - 10k Assemble 3312,Women Unite - 10k Assemble,0.58
https://i.seadn.io/gae/nNEG981F2Loylid7xmvJbPqKMsldqSUtfNEQiwOCEyx-I5lTpEyjHx-vxSqsTGA9A4U60-1roLJ0VGvTBMt_GFFVpys_3eNgmwf3mA?auto=format&w=3840,Stranger Things,Dwindling in the Blues,0.15
https://i.seadn.io/gae/dz0yRXwvK7G6hlwnh9BObeVqZQ0Z48s85QUva7SzeHj3x1GPcP1XbGgMe5I58qlNmF3bWps752zvUltR2bv4u0uuKAAuKqVsqy6h?auto=format&w=3840,Light in Darkness,Dwindling in the Blues,0.15
https://i.seadn.io/gae/ZFBTCVHLKcTluf-Lg_yTjrQOqSryl5482Pq-RBBTsbf7RX7KmhvXZTdU1XtJ117fZrQRoRTQmd4z1ko7emSaSuB_p6VPpk4kJEirfQ?auto=format&w=3840,PHOTOPIA 2022 #13078,PHOTOPIA 2022 - Genesis Edition,0.60
"data:image/gif;base64,R0lGODlhAQABAIAAAAAAAP///yH5BAEAAAAALAAAAAABAAEAAAIBRAA7",I Put a Spell on You,Dwindling in the Blues,0.25
"data:image/gif;base64,R0lGODlhAQABAIAAAAAAAP///yH5BAEAAAAALAAAAAABAAEAAAIBRAA7",1732,Amazonia - Sebastiao Salgado,0.275
https://i.seadn.io/gae/TtH_KVZuIzDEiPtNT1hPTu2XblQpislM-IKKbMozm3GSaAeLKqeAhr5JQWue_xAlluvHsoWB2MaGuHw1XADoq7jxyr2yxbgJpqcTGBo?auto=format&w=3840,PHOTOPIA 2022 #4112,PHOTOPIA 2022 - Genesis Edition,0.024
"data:image/gif;base64,R0lGODlhAQABAIAAAAAAAP///yH5BAEAAAAALAAAAAABAAEAAAIBRAA7",5,Amazonia - Sebastiao Salgado,5.55
"data:image/gif;base64,R0lGODlhAQABAIAAAAAAAP///yH5BAEAAAAALAAAAAABAAEAAAIBRAA7",421,Amazonia - Sebastiao Salgado,0.69
"data:image/gif;base64,R0lGODlhAQABAIAAAAAAAP///yH5BAEAAAAALAAAAAABAAEAAAIBRAA7",Moongirl #2331,Moongirls by Emanuele Ferrari,0.21
"data:image/gif;base64,R0lGODlhAQABAIAAAAAAAP///yH5BAEAAAAALAAAAAABAAEAAAIBRAA7",Moongirl #31,Moongirls by Emanuele Ferrari,0.25
https://i.seadn.io/gae/iKbwTOsJKnNVztOVThkrzwF94LsK7ZWi4YLO8AdNwwflQqqUGT7uGSTkDQNjpFIN0VHmVheoDrs2kEdUXIl2LizHQwvq2oP9eu-f?auto=format&w=3840,1420,Amazonia - Sebastiao Salgado,1
https://i.seadn.io/gae/ibMGUXxGS04-aTQuH8fbidkK5sU3Eb4gzExFXWS2rqJ3dNKLrc4OOqroDZaHqv7oqVZwfZmYteye6w5pVWUPwLTV2uJbN2GmlwDhxQ?auto=format&w=3840,Moongirl #2522,Moongirls by Emanuele Ferrari,0.20
https://i.seadn.io/gae/S3S8LU_j7r__amGMa3O47W-l5wUGmafEgT6R-8gUv5F1xWz7dyoR7dXRW0kHMXgmr-paG1sTjt7nXnNxjBkHaORn5wUM_OU0WCJ6aQ?auto=format&w=3840,205,Amazonia - Sebastiao Salgado,0.25
https://i.seadn.io/gae/Dxcc5bWjnR39rHjKUUCUCnqGoiihMZn5aheRPDhorH4MdnycZbJFSAfuaG6lK0lYuhDADraehrBbmzyJ0IshLYredHn8FPIUeWsA?auto=format&w=3840,Women Unite - 10k Assemble 5118,Women Unite - 10k Assemble,0.10
https://i.seadn.io/gae/tGx5rZZOzIu31bbEmNS7a25B2BMFnsD-7hVPhouibR3v1XrXTlJeOynrISIPcBXxNJX47-2E0dd5g-Lyb411iEWBiMMj4H1urzCraA?auto=format&w=3840,Anxiety of Doubt #16,Keepers of the Inn,0.02
https://i.seadn.io/gae/Gy06CAFRa6-4-c1kx1HdMPG_2Zg5t-1fw9LvdKowOibBzfLx6NjZ_1_kecRNsd60Y5zoYnKHxSV5avylFxKgsUGQY0_3qwbnEIOH?auto=format&w=3840,PHOTOPIA 2022 #4576,PHOTOPIA 2022 - Genesis Edition,0.007
https://i.seadn.io/gae/6e66h4I-JMKmPX7YCXCWSwi_-ODwJFtbuBg4YA1weA3xPNJjTYZZCRcF-ZFLAe_PYNk47vbTKRZVPV3F5lt_Jg4rMWfrtn9eVDAjKA?auto=format&w=3840,874,Amazonia - Sebastiao Salgado,0.75
https://i.seadn.io/gae/9rAcf_mDpw4aawhlbwQduJseHr6wNNEBBIQ2M-CbFTg3SyvtIrnp60zqSmjaEcf6Jgw1WaTQBvCHXDBynmL1j4WLwUQg4CP-fyucHDg?auto=format&w=3840,Moongirl #1844,Moongirls by Emanuele Ferrari,0.077
https://i.seadn.io/gae/z25N8cbgEKxe919ynmmz7pfpPzgHxW8wt-i2f3W5Hyx6x-Gr7VHvqNMU6d537gaukpp1TzwA-qtOXl73IpV5LAmVWxB3uiPvgtWt8g?auto=format&w=3840,PHOTOPIA 2022 #595,PHOTOPIA 2022 - Genesis Edition,0.003
https://i.seadn.io/gae/9i6TgqcyGK8DJUPukjwFOTBt0cUhk3eemnyEQb7E803mpsl6e_corYuZF5H5YdbnWcb4HrFrXZdMAy4wa1O_00DSlKUCYqR6EE117g?auto=format&w=3840,Love to Hate PoW,Editions x Guido,0.074
https://i.seadn.io/gae/aVF5Zf16atjlaxPN-RbqK-mdfwN2jE61QJ6u4qnNYMPqSueDGb72e50wDnrjLpZKCXttXrObEFY9X9qWi5bSTi0G8T3DhMDYfekN?auto=format&w=3840,First Day Out #8149,First Day Out by DrifterShoots,0.045
https://i.seadn.io/gae/dUZcwKww6ygBmjeiRduxiDf8ECfhnYvVoBDczakuD5_V6hadVWpFvg2OjVdimFqv7ne-D5wZd5ekgx_YVx1Q0pgh6lDFi3Kuii67jw?auto=format&w=3840,Traces - Kane,Traces by Kim Asendorf,0.825
"data:image/gif;base64,R0lGODlhAQABAIAAAAAAAP///yH5BAEAAAAALAAAAAABAAEAAAIBRAA7",Look down,DREAMERS EDITIONS BY LAURENT CASTELLANI,0.25
"data:image/gif;base64,R0lGODlhAQABAIAAAAAAAP///yH5BAEAAAAALAAAAAABAAEAAAIBRAA7",PHOTOPIA 2022 #10864,PHOTOPIA 2022 - Genesis Edition,0.006
"data:image/gif;base64,R0lGODlhAQABAIAAAAAAAP///yH5BAEAAAAALAAAAAABAAEAAAIBRAA7",1680,Amazonia - Sebastiao Salgado,1.15
"data:image/gif;base64,R0lGODlhAQABAIAAAAAAAP///yH5BAEAAAAALAAAAAABAAEAAAIBRAA7",Bodywork,88MPH In SoHo Editions,0.80
"data:image/gif;base64,R0lGODlhAQABAIAAAAAAAP///yH5BAEAAAAALAAAAAABAAEAAAIBRAA7",Collective Strangers #303,Collective Strangers,0.06
"data:image/gif;base64,R0lGODlhAQABAIAAAAAAAP///yH5BAEAAAAALAAAAAABAAEAAAIBRAA7","Stranger Fruit - Untitled 22 (Berwyn, Illinois)",Stranger Fruit by Jon Henry,0.33
https://i.seadn.io/gae/Gy06CAFRa6-4-c1kx1HdMPG_2Zg5t-1fw9LvdKowOibBzfLx6NjZ_1_kecRNsd60Y5zoYnKHxSV5avylFxKgsUGQY0_3qwbnEIOH?auto=format&w=3840,PHOTOPIA 2022 #9641,PHOTOPIA 2022 - Genesis Edition,0.10
https://i.seadn.io/gae/wXq1i1TTWfYFAHHXm8I50nu-b_tHWE3aFfBUR9qUVXa2-YcQcunhekmma11EtydmiLc_DOkRL9unUc9ZasRBT0A_5hLxwhJHi8Jicw?auto=format&w=3840,PHOTOPIA 2022 #7062,PHOTOPIA 2022 - Genesis Edition,0.05
https://i.seadn.io/gae/dwe6p6LMZVv0YNqnR0_XeQrjsD_GQUuzPLJb30RWl6_yOvnHwyWZV7BJGBnCjf-JOB-yxBUoa7FRihdH57ZFbUEKaILg0fFxCqt6dw?auto=format&w=3840,PHOTOPIA 2022 #9797,PHOTOPIA 2022 - Genesis Edition,0.005
https://i.seadn.io/gae/z25N8cbgEKxe919ynmmz7pfpPzgHxW8wt-i2f3W5Hyx6x-Gr7VHvqNMU6d537gaukpp1TzwA-qtOXl73IpV5LAmVWxB3uiPvgtWt8g?auto=format&w=3840,PHOTOPIA 2022 #9644,PHOTOPIA 2022 - Genesis Edition,0.05
https://i.seadn.io/gae/dwe6p6LMZVv0YNqnR0_XeQrjsD_GQUuzPLJb30RWl6_yOvnHwyWZV7BJGBnCjf-JOB-yxBUoa7FRihdH57ZFbUEKaILg0fFxCqt6dw?auto=format&w=3840,PHOTOPIA 2022 #9642,PHOTOPIA 2022 - Genesis Edition,0.05
https://i.seadn.io/gae/P6y-GhB6uLRfCnxNeoNoWeE-isN4QdF0NWkNLygshRDg_cyDsk-qhQsujsjaPZxAAwBO_f3XTArAuqdqckelm3iQsAS1nZad0ivOev0?auto=format&w=3840,PHOTOPIA 2022 #9639,PHOTOPIA 2022 - Genesis Edition,0.05
https://i.seadn.io/gae/8RhxkS4rv9e9-SfZaKieNftcASRFkE8pJoP44D2JMSlvPkIo8Cz8E2Rfl32eGK0LTXyOxHJ_xvWHSMvYabwoAIitdE_wT-RtEj0iqQ?auto=format&w=3840,Moongirl #1231,Moongirls by Emanuele Ferrari,0.10
https://i.seadn.io/gae/o6QLDF2tXJ16YGQlC8LC0os4rtzzOKDssNztrw_8KVxBD3lYXJskZSwvDLIDW8FrJUW4bdbLgcvCKHX6kwOPR40eKcG2Xc5gqtze?auto=format&w=3840,Moongirl #1125,Moongirls by Emanuele Ferrari,0.777
https://i.seadn.io/gae/czVTryZWn6sYvK-n-bQUJnWiAKP0QDv5HL4L1Ns6rQXdGHx2ya-gj46aBAvgE7nJr5Vlsmw3wqJNEoBN3wGZXnl1Q4lxPKORuvTepw?auto=format&w=3840,Anxious Pleasures - 2020_1018,Anxious Pleasures by Amy Elkins,0.75
https://i.seadn.io/gae/Fo8SHJZlv0phjAoTjlRhiMrZDFJZzxN3hLgGe047smKVtxlQHpsDpnjjS_mRGCo653eQ9LwMNceFk5_2986j-RthJXwOQygt6UUtkik?auto=format&w=3840,149,Amazonia - Sebastiao Salgado,0.38
https://i.seadn.io/gae/fucF5sPGhQjhEKimdcew7ChRQdWzz9KnIMjT2NCXZ1f3Oc0EWrI-V2a-JzORD0JyGn7keNAojnBRMKqr1TyqTaXfVapDcqsJ5BVp?auto=format&w=3840,Seasons of Jiuzhaigou #54,The Four Seasons of Jiuzhaigou,5
https://i.seadn.io/gae/mU-bdr1zuncVPxGEsSnSUF98n7k-m2oJSwD0f77RAFQYcGa78nJVZTh2o3bzT9X8cc1VmnrLJ34WP1314o8Wyz7_DPZj5QID7HcQE3A?auto=format&w=3840,Moongirl #3310,Moongirls by Emanuele Ferrari,0.165
https://i.seadn.io/gae/3Y2QYeGeaFVOxHl-I4YKUDw0CvwJgvTct5bEq_zWt8vYRwr8ufQWqOJaQVbQ_ESgJevJ3nzhzDD4-dCIjE6VVeBHarFnJjt3IFUK?auto=format&w=3840,Kedi,Streets of Istanbul - Tylersjourney,0.135
https://i.seadn.io/gae/TtH_KVZuIzDEiPtNT1hPTu2XblQpislM-IKKbMozm3GSaAeLKqeAhr5JQWue_xAlluvHsoWB2MaGuHw1XADoq7jxyr2yxbgJpqcTGBo?auto=format&w=3840,PHOTOPIA 2022 #9141,PHOTOPIA 2022 - Genesis Edition,20
https://i.seadn.io/gae/ZFBTCVHLKcTluf-Lg_yTjrQOqSryl5482Pq-RBBTsbf7RX7KmhvXZTdU1XtJ117fZrQRoRTQmd4z1ko7emSaSuB_p6VPpk4kJEirfQ?auto=format&w=3840,PHOTOPIA 2022 #3351,PHOTOPIA 2022 - Genesis Edition,1
"data:image/gif;base64,R0lGODlhAQABAIAAAAAAAP///yH5BAEAAAAALAAAAAABAAEAAAIBRAA7",PHOTOPIA 2022 #12891,PHOTOPIA 2022 - Genesis Edition,1
"data:image/gif;base64,R0lGODlhAQABAIAAAAAAAP///yH5BAEAAAAALAAAAAABAAEAAAIBRAA7",Sicilians Never Sleep,Editions x Guido,0.55
"data:image/gif;base64,R0lGODlhAQABAIAAAAAAAP///yH5BAEAAAAALAAAAAABAAEAAAIBRAA7",Moongirl #498,Moongirls by Emanuele Ferrari,0.22
"data:image/gif;base64,R0lGODlhAQABAIAAAAAAAP///yH5BAEAAAAALAAAAAABAAEAAAIBRAA7",Moongirl #2780,Moongirls by Emanuele Ferrari,0.278
"data:image/gif;base64,R0lGODlhAQABAIAAAAAAAP///yH5BAEAAAAALAAAAAABAAEAAAIBRAA7",Moongirl #163,Moongirls by Emanuele Ferrari,0.225
"data:image/gif;base64,R0lGODlhAQABAIAAAAAAAP///yH5BAEAAAAALAAAAAABAAEAAAIBRAA7",Secret #506,Secret by Emanuele Ferrari,0.073
"data:image/gif;base64,R0lGODlhAQABAIAAAAAAAP///yH5BAEAAAAALAAAAAABAAEAAAIBRAA7",Secret #35,Secret by Emanuele Ferrari,0.055
https://i.seadn.io/gae/ftyW9WlbQosDjg3nOA5swPM236Xr1KyWQqVlhB7stgFRhwdqe2SvikJ2NUU7HO1zaUclLvkf_xzR44w9LnRUEnRAoUBNbiKprbNWt2s?auto=format&w=3840,1268,Amazonia - Sebastiao Salgado,0.30
https://i.seadn.io/gae/toSBqUhnxPXj9waWtExHBW8GV_9_SHApQ8P5q_UVQjJBaeECmMM74J5zVpgBBT4MGb0DO-DOG85_TIk-FAuSXb3-YW8QbC5foZhc0A?auto=format&w=3840,Sift #52,Sift by Loren Bednar,0.69
https://i.seadn.io/gae/hY3mX7QWY_7s6kAEGN138Tott30OfgQAOzanW2ty44l2Fq4JsfzcPGa1F8F7IKFFbQbAnLjUHlh5oAnt1C77GDoanCQy3ezrsTjCvQ?auto=format&w=3840,PHOTOPIA 2022 #5156,PHOTOPIA 2022 - Genesis Edition,0.01
https://i.seadn.io/gae/aVF5Zf16atjlaxPN-RbqK-mdfwN2jE61QJ6u4qnNYMPqSueDGb72e50wDnrjLpZKCXttXrObEFY9X9qWi5bSTi0G8T3DhMDYfekN?auto=format&w=3840,First Day Out #10333,First Day Out by DrifterShoots,0.034
https://i.seadn.io/gae/_t4TOr9T74my7szxkqrRP0TDwdSTfvi5SPiwueXnd-MD4NgyTrMKk2CpiRi0KXR8Kydm-yn6kbI1Ru34HGpWseF1iA1CgzVuxOoecw?auto=format&w=3840,"Ethiopia - Portraits - Portrait of Zerfe, a business owner",Ethiopia - Portraits by Joey L,0.65
https://i.seadn.io/gae/bldbQcOBSN8BIxbiadChC4J1e3npkcbfwWgUp0ipN8P9yplLRjURfBpOVG9L-QU2y6PuujemVyYRKmMN0J4pV_NkCSqkwJK9LxcnQw?auto=format&w=3840,Moongirl #1410,Moongirls by Emanuele Ferrari,1.50
https://i.seadn.io/gae/ITvYQw6nPOq4s-wvPqxi_HT23jswy82sXMDIKU45txPEU7-iYjLqh8TAgsCjdqVkl021LsanbN4J-5OvuKT_8rIHm7EwxX2hYDzNDw?auto=format&w=3840,Moongirl #2976,Moongirls by Emanuele Ferrari,1.50
https://i.seadn.io/gae/4dSWo2JCtbL02FCt-VjLWouGBo00jnoW_md8Bdnm0RYCkpDWS5FobxyHYi2w8iGkNs_OEBBUyZ-Ihpte7JWviRTgqQIhmN5RDCjutg?auto=format&w=3840,Moongirl #3056,Moongirls by Emanuele Ferrari,1.50
https://i.seadn.io/gae/jSl30b1_6ifknxmhjsTP0O_3P3F51yQZRl5iTk1Fe5TODkGyx-Ja1dPpkhP_9uKmTu_w9S2ynLTiU79zjpHwSY4_XmRfachK3TGm?auto=format&w=3840,Moongirl #2982,Moongirls by Emanuele Ferrari,1
https://i.seadn.io/gae/PWURIYtHiSXF5Aworgod1_-EOULT3YefSuDb2UeaHUoG192iIunrCxYVzp_Uz9ZMnZCTaHwkNqO6bhuZwMjmcmVtkRO_k12hibL9?auto=format&w=3840,Moongirl #2394,Moongirls by Emanuele Ferrari,1
https://i.seadn.io/gae/vyM5UXHBpoOz6UVfq_vnhCGeXAh1SlEXBImj45SHdkYRa5FMHtXNfjSLTeKUoBjCoGz5tvIGscMy37reJtSuRaZkZakrgJKbnWXhcw?auto=format&w=3840,DRIP #973,DRIP DROP BY DAVE KRUGMAN,0.45
https://i.seadn.io/gae/0_dZ0G_qSn6BPzyeqyTHiB6bmZ7VgPNoEHNgxYYUkTEHT__9-W9udr1zOTkwFrzCpwbcKSUOlFbctZGj1vYi3UvyBZP_Jh83Pso1iQ?auto=format&w=3840,Archangel,Downpour: Editions,0.053
https://i.seadn.io/gae/dLcjBXMc7xvRsAZUnxut6GxQ5EEHcH-kKlD4YqjFC1ZrGqfLmfrAV105Pny3mgnD7gMa4X6CiaRrwplQBGmksvttZ4FBI6mTaJ6f3mk?auto=format&w=3840,1662,Amazonia - Sebastiao Salgado,0.45
https://i.seadn.io/gae/rIyLt6Zyh8YF_HCbgvSoHrSNEI0NDK6KQt398KLQHvWudUe0Fr9iRYJC-dCU-XMWFs3eVgv263LSeetFGB-kSY-AW7H8KerPE3RN6g?auto=format&w=3840,PHOTOPIA 2022 #9954,PHOTOPIA 2022 - Genesis Edition,2.50
https://i.seadn.io/gae/f0Q8YR86b5PNqHoRepT2Q4d7QstQQ0Zb8COYeU87rvFKUwiW5z-zdm_n4wkTrD4pV9DdLAcpfsoXtq2CybfNhQ8vV1XBpdkZfaNhAA?auto=format&w=3840,1168,Amazonia - Sebastiao Salgado,0.199
https://i.seadn.io/gae/fSOd3TZ3Lbrd5dRKCKQRJKLjjYPC9fkBEXvHUiOiXflJ7mpm53UgwMPipF6PcOFgdwVTHyW2DeILn6XvtCJJb2abnytZ5lvQW8sPuQ?auto=format&w=3840,9dcc ITERATION-01 looks S,9dcc ITERATION-01 looks,0.085
https://i.seadn.io/gae/g8Jk4xn8Q-bMGyjqJiWWaTXn_Ju6UR8VX2LPPyq6sMA9ZiaGEK2jiazSY1RyZ6nvMlr_GwYZmtPYW_QPc-hDJ1SZ00u3WityuKJRDsw?auto=format&w=3840,PHOTOPIA 2022 #5163,PHOTOPIA 2022 - Genesis Edition,0.90
https://i.seadn.io/gae/Wx33c44q1Fk8fzu2kGAoaM7MRFIoNEV6Ic8H8Ug9CcLBv7LUeuXs-xcr-P9w_zx-0tJQ_o6c2aW5FPNl5e0Awc2GpaOelXrqXLaO?auto=format&w=3840,Quantum Gem #1 - Rumors of Arctic Belonging,Quantum Gems,0.15
https://i.seadn.io/gae/GuyoEuThSqtLO9evx-maNuG5idCEKN-LN91AT7hZoJvzbJkXB3MdNjvSsV-7X4uTHzoL181ENQbrt4x4_eBHp2fifil8oM_PJEyyAgE?auto=format&w=3840,1019,Amazonia - Sebastiao Salgado,0.49
https://i.seadn.io/gae/Wx33c44q1Fk8fzu2kGAoaM7MRFIoNEV6Ic8H8Ug9CcLBv7LUeuXs-xcr-P9w_zx-0tJQ_o6c2aW5FPNl5e0Awc2GpaOelXrqXLaO?auto=format&w=3840,Quantum Gem #1 - Rumors of Arctic Belonging,Quantum Gems,0.15
https://i.seadn.io/gae/aVF5Zf16atjlaxPN-RbqK-mdfwN2jE61QJ6u4qnNYMPqSueDGb72e50wDnrjLpZKCXttXrObEFY9X9qWi5bSTi0G8T3DhMDYfekN?auto=format&w=3840,First Day Out #2320/10351,First Day Out by DrifterShoots,0.029
https://i.seadn.io/gae/E_3QmYVTJ0oQC4LxtFvqatRJ7qippd2f1HWJpTJk0Uc4pdkrPc00StYSWQQ0in5CmguZy2Ec5s9cakwssG_MFs46POnUhOeXOhJalA?auto=format&w=3840,Moongirl #3218,Moongirls by Emanuele Ferrari,0.099
https://i.seadn.io/gae/1SbKGuh0Q1ChtNufFxz8GgHeTVtmDPFvqSfpDI4inZUVVVyZCcrftaFNkHDxKdf-j0EkD8ZMtDcckJNNlT4cWChSB2yIplvuM3IKRg?auto=format&w=3840,1884,Amazonia - Sebastiao Salgado,0.549
https://i.seadn.io/gae/kWGSFTv7iKhIYrTN4xiThFhIkaiD_3q9JGbi22AQoQ8p9COZiL8Z37ETTKGhN_euzzfSy4qk9BOuPnPhl6AIDHXC_O8n82vVufa2-g?auto=format&w=3840,2246,Amazonia - Sebastiao Salgado,0.499
https://i.seadn.io/gae/FIL-glbAx1RIvcHxFM9Q3HM6xhcAjH_TKoPhwUCdecwXqtaTN7l3hMR-vWWOJq8UwR0xbVYBf6ts18PGYIdseig99em-H9kIljNrdg?auto=format&w=3840,74,Amazonia - Sebastiao Salgado,0.45
https://i.seadn.io/gae/cqmdXeBcnZtVa_DVWu3HFLHPfTv_BlKU06-awOmURZyhWezFAR5vIaROevQ_FJMcv-da-dwSqAzg2ONBt9U4Xo1DJpzW9U8hkvyV9g?auto=format&w=3840,The New Era (Edition),Cyberpunk New York City,0.125
https://i.seadn.io/gae/2kNduKW0KAwJ8-vHsfzsgSVlb05RXMqr6Ctxpb4z5EccSM5LSGuMU__lhDnfar6IA1lHHSR3RzCsfvE6srsml3IhSFYm3LIFL1ie?auto=format&w=3840,Moongirl #2189,Moongirls by Emanuele Ferrari,0.10
https://i.seadn.io/gae/TfE8NbPOigJ5D3H3nRuLBoPWi04gTJ9r6PhykzLZGeg0ODfsYAtFGh1q44hwUzK2m1X-45lpcaXxW-xaf3wj9ZbwUNWhwFub16CXQw?auto=format&w=3840,Women Unite - 10k Assemble 4742,Women Unite - 10k Assemble,0.104
https://i.seadn.io/gae/U4MRtkKDHnr3pAOJU2TlZajq2_a5LB9v7fN--cB2BCyf3Z7OmrynYvNJacpRp1xSUFif4OedtjglfCkfNCynLuj9823vTVrP_PbmFg?auto=format&w=3840,We are dreamers,DREAMERS EDITIONS BY LAURENT CASTELLANI,0.005
https://i.seadn.io/gae/ZwsK48Us9De1w0-7NkVpyl0yFyXLQzGsTLct1fVHboQNce5QaBVlmMOnoTJ9NGFJQ5vH1e4RMkbI-NuLx1dnHuoHfLLMy8MqFM9STg?auto=format&w=3840,781,Amazonia - Sebastiao Salgado,0.242
https://i.seadn.io/gae/hdSpjkueLlJ5oLF_7rNGfKVQHq_3Vvx8sHzry4EwMlt0zL9zoFuCEK_BHXwP9ZaRBw3ZJfIF_T95JezQVEwA4iJK5AvCS4fwKbfqNw?auto=format&w=3840,1224,Amazonia - Sebastiao Salgado,1
https://i.seadn.io/gae/ckP8R-NO9U_RLyZCytLU3ZNZQADD5L6Bs1_moDjYUxRM2hktSzsrfvuHCYcPlljByWS0HYPinoQPnrx-JUOGM6j5-a238QhWutsoNII?auto=format&w=3840,692,Amazonia - Sebastiao Salgado,0.60
https://i.seadn.io/gae/MRoBpVEgcQ4xHA9rE1klObAZECJnzLqPpcYqtf4asvS0pe3j7iWK3FCMekTHf-bYIkRJWgiGm3DNBZ2arn2-DDQaxwFFdMQovB6a?auto=format&w=3840,1519,Amazonia - Sebastiao Salgado,0.40
https://i.seadn.io/gae/4nC_kMe6B2Mp6TEwDMeftU_xJsNGrjujSeIBULCGUdEjk99_G6uXwyP72SBKh0Ve-Vn3qSj8uSbnnkbhHSmHcEImkKR2lUVTcdyMCQ?auto=format&w=3840,979,Amazonia - Sebastiao Salgado,0.30
https://i.seadn.io/gae/KpdP7eA3cIQZQxJEb9uBp0v0dV1WX8DEgzMH8Nl6tJFqYSNN8arJD4kgcjPqeBnKhbQV-gnyCMOK5ApQeoc_d74Cw1XYsBv954-ClQ?auto=format&w=3840,1304,Amazonia - Sebastiao Salgado,0.40
https://i.seadn.io/gae/DF3-bPcxOxtQEbT39DSHh8nYVfac3ntdjPsgeioU1FTc5z3GsMtx7b4EtrlYstcsENtFX_8KtXZc4BOQyvKpVfCoyeG70em4kh4c-i4?auto=format&w=3840,1226,Amazonia - Sebastiao Salgado,0.30
https://i.seadn.io/gae/OL0FPonVDVl3cJKfnUdLExw4wh4F9xwO3tDPu6DjZ3UOiPcmwswt_hiPvjDQm-9OdFTS1v5s-H0QNuh0kso-Fco6H2qSDWxQwf1I6Q?auto=format&w=3840,1665,Amazonia - Sebastiao Salgado,0.30
https://i.seadn.io/gae/J3dBkJHmoP4i2k73K96Cq8DaHl9z8lg3XqaNQnSpxZLUS8K3lqMd6RvCCFmRyKSBqweo2iZZfJPbnoTFmp-73R39qQbVC3I1nWm4?auto=format&w=3840,625,Amazonia - Sebastiao Salgado,0.30
https://i.seadn.io/gae/HWdmH2aS6_rGPUs_t8HN9HSkSTO5fvwttM9MAmzxGvBt1d588w_kHWPnM-9iuxl0064p4t1EcXRDjjFjHtZDLy4_HaEXKUfIQmwZCQ?auto=format&w=3840,1371,Amazonia - Sebastiao Salgado,0.35
https://i.seadn.io/gae/zSppUX8W1pTlfF0i6AoVgVAMPFgr1eUZW420AVYadr10-_n2-mJ4alNk3tfoLuK1GDsWluGB2DNV8vsOb8DFQ-bNBsv3O-g0Tvmuqg?auto=format&w=3840,1372,Amazonia - Sebastiao Salgado,0.30
https://i.seadn.io/gae/8YpPLFLwGyEkPJlFtUmSnJaFPEVUHYLsK0XNb9Siec9P28_zfPqtSOhjsMQuw22A7smEQLPuH1Z_euJow9caCGma5khdB9qyOeESOYg?auto=format&w=3840,1436,Amazonia - Sebastiao Salgado,0.35
https://i.seadn.io/gae/3TrZp9i_UNCY2khIpiPbmOyvPjTYcb-c1UwCPRJyU638X6ozc7Gl6SwZ8rE0vHtUzc4iAfmIolGkX8791NCszv2mBZ3qOSTSNmv4zw?auto=format&w=3840,1234,Amazonia - Sebastiao Salgado,0.40
https://i.seadn.io/gae/SOWZfXwkCNYeLXxvqoLxXesNzdASq3eop1GvfPUHaZWrTwigM4AtZ9scJEtb6r-Lfjyb0RHVntSdr9M2d1Tk6SNaNTvDrIBxWA0eXvw?auto=format&w=3840,Women Unite - 10k Assemble 5080,Women Unite - 10k Assemble,0.88
https://i.seadn.io/gae/K8ydKjgvtl8EAIay-YgNr7nX5FGpkkp6htiLKeolMwUYM8xLfc6a91McaVnGxfWLg6r_2Fqwm8KhzpCGvWcadd1MJdCm2kIdt72R?auto=format&w=3840,Women Unite - 10k Assemble 611,Women Unite - 10k Assemble,0.66
https://i.seadn.io/gae/IEcd73ObKg970S4ygMfCu3RKTzBoXn944RFOOMjoXB41WzN76R3rATU4QxQH9l4AAmaP2O6wL8x9C_laqAAIQdrUQXNYSzG3OMg?auto=format&w=3840,Women Unite - 10k Assemble 4124,Women Unite - 10k Assemble,0.102
https://i.seadn.io/gae/92lmMYDqmf5J2fAsqyvwpJh1g_BQguyTC8wXwtK8frglJGD-GkQTSgtv1eDCdwrGM2mJlvoqtIa35xY8qjvQVHov0EQ91LDq9s4A?auto=format&w=3840,Traces - Samuel,Traces by Kim Asendorf,1.23
https://i.seadn.io/gae/P69EdK1PEqsLtZOb5yPsaND6TlRKFKps6rKSqJ_N5noBqf9d_FoR9pkfhwzzJy-XFT3ULZ7fWp5G6iUhhjt3wcYKUpIVF6czs4cUrA?auto=format&w=3840,396,Amazonia - Sebastiao Salgado,0.70
https://i.seadn.io/gae/HuD_nC2GzG-Pk7pHoFwtV27R5OyhaEHDmMNZfNiVRNTuqDNRUE12u0TVeFqiV4-0mgFP9pwCsKqnXirmd-VycBCmQeDCH4xuyiAR?auto=format&w=3840,320,Amazonia - Sebastiao Salgado,0.36
https://i.seadn.io/gae/2M6WRoqFsY0JaY3onVbYIa4XMaTL9cOPr2FZlsLRl1s4_M43Cet-rxO7otVCksPevSdPQU7mOkSVQE4jbreLsAzGsNo9tfZjJK-o9w?auto=format&w=3840,Future Dream,FREE MINT Editions X Tylersjourney,< 0.001
https://i.seadn.io/gae/i431g_iXu8l-vTQVLOp2ixwm7OsWA8U9nUCGkrUZJXjllfE9hYBdPOTkS4fA_bkC3KNqPGfEphUtMUY3GhXfZEepdZ2lySU6ItHj9w?auto=format&w=3840,820,Amazonia - Sebastiao Salgado,0.12
https://i.seadn.io/gae/z25N8cbgEKxe919ynmmz7pfpPzgHxW8wt-i2f3W5Hyx6x-Gr7VHvqNMU6d537gaukpp1TzwA-qtOXl73IpV5LAmVWxB3uiPvgtWt8g?auto=format&w=3840,PHOTOPIA 2022 #8169,PHOTOPIA 2022 - Genesis Edition,5
https://i.seadn.io/gae/oFqnvFREUmmRJ7dUyTuk-JBJNeeH4DMZQj7PeeQI_Z6sPVAnR6fJDd4gZTgEbH5FH_UB9AcpBdaLkr-hSOEzGnpIDayiawa7UDfXBg?auto=format&w=3840,1956,Amazonia - Sebastiao Salgado,0.60
https://i.seadn.io/gae/zDx6kI_YUhKN9QB8deNxV2ywJf1l-u2Q7KZ4pTh-Hg0UzmaCTTQu08aMJQt9DIlJNHFKvUxPE7d-SRXDeftVp6E4GAp5q8Ez662_Bg?auto=format&w=3840,9dcc ITERATION-01 looks XS,9dcc ITERATION-01 looks,0.07
https://i.seadn.io/gae/he7T2uHtb_7YhsZsr-B6XUXo-bG4ivDtAU9E2w6QWGVSaGr2F36w9FcHqjA37kL_t8414UxdiSBmEY9fOlA47IN1iHivgvGsJ6mUOA?auto=format&w=3840,L'Estate,Editions x Guido,0.069
https://i.seadn.io/gae/6vm4TJy_s1_gpa9aXlXSMhbxYNMMtS8AEl04tus8IR06_Fc__CrTdLBeBhEA_o84LIzASf0U-1TOqbLQjJUcG6PtH4U3lbFVAt4BDTE?auto=format&w=3840,Meet Me At The Palm,Editions x Guido,0.06
https://i.seadn.io/gae/zD0j_pkpgd6drqgNxrm3mXMmeIze5kYRwVvEr-5skwCfqwBpLdoENBTo3nhEESSjvyuqfwNFZpHgfUmwUAXlbuwghDnU4CcWuQzQ_4Y?auto=format&w=3840,Meet Me At The Moto,Editions x Guido,0.06
https://i.seadn.io/gae/oB6N7Mg_GUktPV8mEZpzekzC_Csbkl1NymbzTDXNVtcqLp7EG_w6gmQ_-Ma74RkDn8hJ1qACE7npF7MHaJKLUT0LzdXFRNRjZAgbiA?auto=format&w=3840,299,Amazonia - Sebastiao Salgado,0.38
https://i.seadn.io/gae/QT5X_4L0GE33DPO3EIqvFz6x3HhQQpaYFgj-U7FQQGl4tCkUd5a4cph1doWzCGQy6IUPY3HmtCCb-Wcee9jKW8ATm6vsnlkmOVACnw?auto=format&w=3840,505,Amazonia - Sebastiao Salgado,0.38
https://i.seadn.io/gae/WjhazHbsoagySymLhjrd8rfd-mx0MEQGmiv7oMmjzuSkUZ_GHdJDxeaPTQ_YqC1RZhX3HlwGEadIjbfGaCvlCKaOpUtNstwzVqtV9w?auto=format&w=3840,1328,Amazonia - Sebastiao Salgado,0.34
https://i.seadn.io/gae/zDx6kI_YUhKN9QB8deNxV2ywJf1l-u2Q7KZ4pTh-Hg0UzmaCTTQu08aMJQt9DIlJNHFKvUxPE7d-SRXDeftVp6E4GAp5q8Ez662_Bg?auto=format&w=3840,9dcc ITERATION-01 looks XS,9dcc ITERATION-01 looks,0.073
https://i.seadn.io/gae/osA47lA4Iyi6v88NHQWCDYE1eHlHvM5EdVDoiErmduppfWQJdidnwU8SGM8W2ttcZD-0C4T26JloVh0JalA2ljD5XKc7pK4QU1RO?auto=format&w=3840,9dcc ITERATION-01 looks M,9dcc ITERATION-01 looks,0.072
https://i.seadn.io/gae/89gj63Vdx3PF-YS0wF06hDvcQpeR0aEv_O2VU24qU7lk6jJj-9cxhsNFio4cm9N000232J9akQG5u5cE03xY5YvL4DTVnRwMGC3Bj2c?auto=format&w=3840,2282,Amazonia - Sebastiao Salgado,0.20
https://i.seadn.io/gae/8JP5b_CcjoyDfC57W96mFm1saGfKp4bnbjUzhOeLNSHEzzVuuLX6zNBLIcxtcWZj_ur5dRlYwg8ARfdOS0YsLUNHoyzlMLwdTSBqmA?auto=format&w=3840,Meet Me At The Beach,Editions x Guido,0.06
https://i.seadn.io/gae/h8BhUagdRy-z6Oz1lP8RmDEnoHRrjNicD4SeqMDxqpla6IpTOf1A9iHWi42BEZQ0ssP_PWfZ8Aa4IGeTCWO6Fou90Y6ZUpDfGMKyFUU?auto=format&w=3840,Women Unite - 10k Assemble 4350,Women Unite - 10k Assemble,0.10
https://i.seadn.io/gae/DHmz4yf0hvB7tTuJDXKKIIB3gf2GmRayWs3ksoSOssfzlMpnAh9SRHxEPQbDLLrgfNImbAlYRFE_IeUYJgSMLLeeEZFZOP_klPlLcQ?auto=format&w=3840,Room of Stone #06,Keepers of the Inn,0.02
https://i.seadn.io/gae/g345a0oXw8iDrT4M7v_pi74f5OxsFA20rnhxn_-t_iDNaUNnT0W_qOtUQrYa4cWJcUZauXgPz4U1YmHAgHGynxwwFh_d963ZaNRP?auto=format&w=3840,1632,Amazonia - Sebastiao Salgado,0.175
https://i.seadn.io/gae/RpaRiv9bhlMZeTroaFAi_QA0Z9Y_hwncoSlkn41fSZIcuesHQFaQ5YxctLLQ_T5mivTSDlBDRnZJWUiMmWYJM5HGWP8WqngB5LHHYg?auto=format&w=3840,Women Unite - 10k Assemble 2775,Women Unite - 10k Assemble,0.149
https://i.seadn.io/gae/BzRT5mvxleZxhFKAYqk0NFvFThulPz-rKkh2sbxg1vcAgYlB-ucUNfUnsdqop12GSmNXdf3W7Un_XqsHR9o4P-GLCgSDD8X-l5mGyhI?auto=format&w=3840,Sicilian Kiss,Editions x Guido,0.031
https://i.seadn.io/gae/ZlzVuchi1P741AEwscrsBOk_aal478Ci_ghFpg4QHqaNQU0H1c8QOzfQqQA0aKkGsScsliJDapNVq-XCEKEXe4wFg9vhXIgaQjQnPhU?auto=format&w=3840,Rowhome #68,Rowhomes,1.25
https://i.seadn.io/gae/dwe6p6LMZVv0YNqnR0_XeQrjsD_GQUuzPLJb30RWl6_yOvnHwyWZV7BJGBnCjf-JOB-yxBUoa7FRihdH57ZFbUEKaILg0fFxCqt6dw?auto=format&w=3840,PHOTOPIA 2022 #3154,PHOTOPIA 2022 - Genesis Edition,0.005
https://i.seadn.io/gae/Nv-Z88UxeVhsOw6oRqohIUQy4e4SOtvqS1oiJOudBE0y65TQglrhhLr17wRDkUWRWVGKf0jEXlZ4Zhr-w15xdnupjLOPQ73PIlwL5w?auto=format&w=3840,608,Amazonia - Sebastiao Salgado,0.12
https://i.seadn.io/gae/SX2VeJ7ZU8016SGRDYEmPmL4xXkmDZ3GZdoeYHTcarJfVFPm1-Dboa7uddJ9sdx3WUCfELZVpHWHTrDFlAJ2nZmEKkpASsqb9Ek1Rw?auto=format&w=3840,Moongirl #2338,Moongirls by Emanuele Ferrari,0.11
https://i.seadn.io/gae/U0-06wX0GK79HPDfM3-YzX4VB2x2LdGdp5mct0nPsKcU9jaBAy7Noxjp1-pJLpoa3dP6aow2EiELi-D5T9fWFyNgIfG37R_qh1m4oBE?auto=format&w=3840,Moongirl #2337,Moongirls by Emanuele Ferrari,0.069
https://i.seadn.io/gae/-DUP_wcLHgKX-qRJXZSCxAGb2oVdiVFZWs0r72bD35x_0IDo5RZw3QItcf7u3dvkUpgJZ4Whag4nKXT1-ve1FoOF2br7KDSdcLmcvQ?auto=format&w=3840,Strange Worlds - Waterglass Mountains,Strange Worlds by Matthew Albanese,8
https://i.seadn.io/gae/un5dw9j1LDnf2xpK6lvEbWP3a9BbnaTGWf7kch-Y1a29nVgH2N9TAPeOWiQfMNwnxXrXKZu3KJWzC277ouEOLqbQrLxfgErxehw5UH8?auto=format&w=3840,DRIP #914,DRIP DROP BY DAVE KRUGMAN,0.47
https://i.seadn.io/gae/se-0UaOFxVkqZwbzJvqIx6vMmPDytc2RkbkfVSqpw6CVyFgXXu6wHAvpeTJkULTAKIF7a1hjed58pxaSxN4iDKHRscTNXk2lzKUhKpg?auto=format&w=3840,2198,Amazonia - Sebastiao Salgado,0.355
https://i.seadn.io/gae/RLEBxfFU3nIl2IJRGy4i-yesZ7rwDcI5W8io3VrGtERuHRapCa_In4P44wYKPiTVw5nL_BtgRQalgWm8bQrHkP5fnbq7N6fXMRdj?auto=format&w=3840,575,Amazonia - Sebastiao Salgado,0.21
https://i.seadn.io/gae/qq8YmNzrDEA9PmrxUD0w1dJE-9ocmHN6P_RhZfpr5_wt0zQZzLkh40KdSkGoWBLckGnOBa6DRbPZXKwPse7mlCcg6M4W_WXZhModmg?auto=format&w=3840,Sleepless Streets #047 Dreams In The Rain,Sleepless Streets,0.20
https://i.seadn.io/gae/IPKGKmBY6WrK1WPX9qWL5z2lUF6YTkTNFpe3x3Y8768vALLfRy4G7qTFgC8xR_2UtsQDxgUGsQ_9INwZ3aLWWIXO7roT8FpyH_LE5Q?auto=format&w=3840,895,Amazonia - Sebastiao Salgado,0.34
https://i.seadn.io/gae/zfiJFKMZO4UmnjovXHqn4CjtdtjURjvYelSmuuFvOGnZNsAP6_puT7yNNKWpygHKjJVaVl4inh6aXIgyD7l14Eh43sKeYLUj29yr?auto=format&w=3840,Sun protection,DREAMERS EDITIONS BY LAURENT CASTELLANI,0.099
https://i.seadn.io/gae/ti067E1e--jIRLP_WdkOYHNslnL6LwzfsZheCFnCysgD72AG8_TRdC-rvJBnOaWTuMxOFolb9WT8MgwNjkZcfYg4CsJYSvlPnvakTxw?auto=format&w=3840,DRIP #818,DRIP DROP BY DAVE KRUGMAN,0.278
https://i.seadn.io/gae/gb5UdLzC9YFbmoCAOZ4P9RENSH_kLf52fybNJ9ARcgvdfvIsJlxwpsQvf8UvwsJTpsz5lgRucst0Qw4-eXM9VtKo9GfwKFgtJOay?auto=format&w=3840,DRIP #517,DRIP DROP BY DAVE KRUGMAN,0.268
https://i.seadn.io/gae/ZFBTCVHLKcTluf-Lg_yTjrQOqSryl5482Pq-RBBTsbf7RX7KmhvXZTdU1XtJ117fZrQRoRTQmd4z1ko7emSaSuB_p6VPpk4kJEirfQ?auto=format&w=3840,PHOTOPIA 2022 #10630,PHOTOPIA 2022 - Genesis Edition,0.014
https://i.seadn.io/gae/TtH_KVZuIzDEiPtNT1hPTu2XblQpislM-IKKbMozm3GSaAeLKqeAhr5JQWue_xAlluvHsoWB2MaGuHw1XADoq7jxyr2yxbgJpqcTGBo?auto=format&w=3840,PHOTOPIA 2022 #9820,PHOTOPIA 2022 - Genesis Edition,0.024
https://i.seadn.io/gae/TtH_KVZuIzDEiPtNT1hPTu2XblQpislM-IKKbMozm3GSaAeLKqeAhr5JQWue_xAlluvHsoWB2MaGuHw1XADoq7jxyr2yxbgJpqcTGBo?auto=format&w=3840,PHOTOPIA 2022 #9717,PHOTOPIA 2022 - Genesis Edition,0.99
https://i.seadn.io/gae/8BfiVfwz0oAEfH67S_m8HuFE-sCz0CAqHr-L8sD-qU8OwhVbgEEswBRaNe86WkFJbjFplNhQainrTU6xvnutuMQnwY3gFyoi_Jts?auto=format&w=3840,2199,Amazonia - Sebastiao Salgado,0.555
https://i.seadn.io/gae/hY3mX7QWY_7s6kAEGN138Tott30OfgQAOzanW2ty44l2Fq4JsfzcPGa1F8F7IKFFbQbAnLjUHlh5oAnt1C77GDoanCQy3ezrsTjCvQ?auto=format&w=3840,PHOTOPIA 2022 #12404,PHOTOPIA 2022 - Genesis Edition,0.005
https://i.seadn.io/gae/PcUaYEdBpF44xvpHY-bOgHa-vzhcjQd0kYnMnccOr9gmZsJ4HR7LWmoXI_RE64mGRGQSoys1oFvxioXw7qs5YkW0IDNav2deA-xqVQ?auto=format&w=3840,Secret #1032,Secret by Emanuele Ferrari,0.05
https://i.seadn.io/gae/WkMLri0bCfbka-07VrP91GL04dJE7oZhdBOW_ne3B5IGOwA5MpFaHl3h_onbdfm8ej0w5HRrw8OvCIAfqSXpiYK3qIb-uGprNn_1Hg?auto=format&w=3840,9dcc ITERATION-01 looks XL,9dcc ITERATION-01 looks,0.08
https://i.seadn.io/gae/RkeeXW0LNFmBWZwz96_hgEJ7g4JJ2UhDgmsdarirL_aPyCIaba_vtdVfq90-TQxTauvWBIDL6ZhdpxjQQe4RoJVXWlpjMlZSAnpcBw?auto=format&w=3840,Moongirl #2759,Moongirls by Emanuele Ferrari,0.20
https://i.seadn.io/gae/19JURixEQoHW9tABaOEUyJaCoqIGBwle-Lz6GfgWlw23npxOT8lyx1P6QuQ3mHJyCRPCeLGoJtmxAc8TMf4XlbACIi9ttsLLyEHsdQ?auto=format&w=3840,Secret #1161,Secret by Emanuele Ferrari,0.34
https://i.seadn.io/gae/DJS69lGUhxG4CV85UZ1BdViaBjoTOIkESpzIYtVNfUR9mg38-T4_2CX6G5GG7AyJwnbDQ34uccwVAUOVT6Klj49Syg1m5FAxl5x6UCo?auto=format&w=3840,DAREDEVIL,FREE MINT Editions X Tylersjourney,0.002
https://i.seadn.io/gae/YXYIlylRVdykhn1bvmlUjNC6UizZl5XYOyNN3JPwYUeIB31AhjGljkZO1aGrOI18dTPVX-gKy9lYr1QzzVKIYEb9KbkCRhMc4USSVQg?auto=format&w=3840,Women Unite - 10k Assemble 83,Women Unite - 10k Assemble,0.40
https://i.seadn.io/gae/qx0c2AW3VWDlbiFl4kQxGfKdxIP7erKU-zbfZQ-Xj72ZbBXhmARis0b7-y_2Nt5r3Y1NVCwJz0R2kjnJqufGEaiORxsK8oVxnWhUPQ?auto=format&w=3840,Women Unite - 10k Assemble 82,Women Unite - 10k Assemble,2
https://i.seadn.io/gae/lLFh1BlD5IlwMkeTq9ga1ZfCKtpDUxhhA7AaQGG7nH9ovQxLwTfdLCWbL8USYDm8pQARgWDVrjgzECODj5dSKyjLhyWX15NfIdOb?auto=format&w=3840,Women Unite - 10k Assemble 2107,Women Unite - 10k Assemble,1.666
https://i.seadn.io/gae/oQQDRxzzyV8-NfWsB_g4xC5yeIscMQZoD5ymrwBy3rSfJxerEmmiEzUqNSZzc1FYCVSaJGHXtApOWeLN7fticYahVKakOXOcCtRZ1w?auto=format&w=3840,Tethered to the Light #02,Keepers of the Inn,0.037
https://i.seadn.io/gae/z25N8cbgEKxe919ynmmz7pfpPzgHxW8wt-i2f3W5Hyx6x-Gr7VHvqNMU6d537gaukpp1TzwA-qtOXl73IpV5LAmVWxB3uiPvgtWt8g?auto=format&w=3840,PHOTOPIA 2022 #5051,PHOTOPIA 2022 - Genesis Edition,0.003
https://i.seadn.io/gae/QN_AQVdxeRVdLs67fWB4UlMuT93g-2lat8mtLxggQOvgDQm0zlEbUqa-rsF2w9azXZB4LmN1QIhM1kwLn9XSaJayGGvz6HXHw7gwXA?auto=format&w=3840,2283,Amazonia - Sebastiao Salgado,0.20
https://i.seadn.io/gae/a5KNXOlDa1ZifnFfgubzJjYzQp_VglExo0Eqcd3WpKDkGDFMCOSIXqpeGDGC0Wn-MtqGH9iC00tx-1lVzwC5Z1Dem7A3QuYK24F6UA?auto=format&w=3840,Thrive in Chaos,Dwindling in the Blues,0.60
https://i.seadn.io/gae/CW0TQ71fH-D3NCjo68Y8XnLmn_lcvsp3jpmOgFEJf2vqk6w29BOOvzbkB90S3pqSwIL1NNtyE6xhIhb-Voa9ELRDVXhdzBnFg7bkkw?auto=format&w=3840,Moongirl #2864,Moongirls by Emanuele Ferrari,0.30
https://i.seadn.io/gae/8UUwsSn7Uf9x4wanKjUXHnmmTXHePzHnmzre4XACQIw_Vypq0et-aD7daZsNs7MggmEcP5I6UOW3r5L4hOi5xyomigQEx-8q1fwvSQ?auto=format&w=3840,Welcome to Rekt Street,Mike Dausend Editions,0.40
https://i.seadn.io/gae/e2ud90EH4tV0a8QP40lN_haCmi6cUqyDYQiCdJi4YCljbLX1bqw7JyMfOFM2MzfBwQeEhZjks6jK_pjoHXTVXA-Bg7daNfN004nRqg?auto=format&w=3840,1180,Amazonia - Sebastiao Salgado,0.189
https://i.seadn.io/gae/77G1f0XMF4fG8OjjmnqBDKfY86FhO0kSRtaeiZh4JyqmUOnyjW9mJSEqTnElyMiun0bQsOrw20gqR9snR0uNWZ3HV3MDzR69ZZUGtA?auto=format&w=3840,286,Amazonia - Sebastiao Salgado,0.35
https://i.seadn.io/gae/zpzj7mNwhZ_BbLYOxxF6RarDJKXRu_Or-1YxRmCPwtjP2Ycqy6WurjOY4_8SQAxL66I2uM6gh9Om5fEYgL3bWZQBtLyb03qIOgTD?auto=format&w=3840,Math Art (1980-1995) - Math Art 95 - No. 69,Math Art (1980-1995) by Herbert W. Franke,15
https://i.seadn.io/gae/hO8AB7YTLu6Ckdak0iVAKfSm5xpfVNJBVUnkwardjqQg1Qe5KmaqrVeSXF17htDC9S0n6iptlg0dYmqAC4aIYa0CEcvJ4NfMrMk6Rw?auto=format&w=3840,896,Amazonia - Sebastiao Salgado,0.175
https://i.seadn.io/gae/zhCLQ0E8Mpwuc-KLSkGMzmw6tBuv31AY7w-GGVPbbK5MYVUOTo07aXVmiSvrYgDWprwcakvlr6deTGu0pkhJp6aLTy9KFj1cNj_dRA?auto=format&w=3840,1533,Amazonia - Sebastiao Salgado,0.75
https://i.seadn.io/gae/J2viGl3Aaw1v_YrCqIN1Gj2t7Jj4xdqg33TpEB9TUD6vjXlOcgf3yuSaA4rZ5i5LAX3P3AZgv-zY_losIPCmjh2yvyGIdXsuG29GHA?auto=format&w=3840,965,Amazonia - Sebastiao Salgado,0.39
https://i.seadn.io/gae/DNqcVdbAQ4B58BBpUW8PcJcAY_MALmxyQEF2PIIA5rf7_iL14lIspB92mPmOMHggnoNErES35KiwBTmAiSzi6MFmIE768eUaZlrm?auto=format&w=3840,Women Unite - 10k Assemble 5814,Women Unite - 10k Assemble,0.147
https://i.seadn.io/gae/tNUAuN_uJR8zVnZTWlfhSTa5dar06SDKMSUf6zgsIpVgOHBi7TG7JagcIo0Zav7Ft06woW56lItJgfaXRVVH6UIHAY0oI2-oSmjS_sU?auto=format&w=3840,Women Unite - 10k Assemble 232,Women Unite - 10k Assemble,0.88
https://i.seadn.io/gae/4ZCxB-wtfN0Bidq6fhbNqk9K4r4ydAXF2722PgIUNAOzUz5U_42m4Y3yj6aL502Mc9BZ8tN5i45W9-5pBbv1UdkIWIQBQTnu0lU7rmI?auto=format&w=3840,Moongirl #3066,Moongirls by Emanuele Ferrari,0.18
https://i.seadn.io/gae/iwevl_eGFBrQZVvZl6d_wmnRrNCNojM5SC3_p5ClbsVLUS-K6hELgBkTy7cBb4JdT777RbssACXq5LDZvkZKnJplfNpB_msl7O4Y2A?auto=format&w=3840,Moongirl #3174,Moongirls by Emanuele Ferrari,0.16
https://i.seadn.io/gae/j-eTemRidmbrUGaN7G1yL8JnQFKq6fSPHn5tsppfn-VF_-sLnYxnIbFLWC-4v1o7gZT6BYqbO2A8G03dZfB415e0ekmDzuWx83KJ?auto=format&w=3840,Women Unite - 10k Assemble 6046,Women Unite - 10k Assemble,0.333
https://i.seadn.io/gae/bAFlOWjb4kyvJbNRI8pin0ENMEah9-O-9y5Fkt2Bz3jaKjdsw1QrLxHhez56Ki5FgbBi3fuUnIp7N0gLFABrRWVrUn3F9SJOsBqC?auto=format&w=3840,ICONS - King / Jarrett Holt,ICONS by Parker Day,0.40
https://i.seadn.io/gae/Ilus66AX1FFtEU5-so54K0a133SSpltiKNPdp-Si_GHUN-3nfURMso81IksERZ16_SoP9LYqPKkxO3CyjLnqoEyC7fTKLmUPQrBc?auto=format&w=3840,285,Yaasmyn Fula - The Untold Story of Tupac Amaru Shakur & Yaki Kadafi Fula,0.03
https://i.seadn.io/gae/0Chjt8fGu3Y3ThVqyPOGWzbp1T2BHDXSENRU5GIr0VaVBNTMGzOi5M9CR1kcMQf_aiiisN-W29KFWFEmgNhWHR93uq8JSgnwvySG?auto=format&w=3840,71,Amazonia - Sebastiao Salgado,0.875
https://i.seadn.io/gae/-dTLNKvgDpRfWwVuOhDQuB5rCP1Yy0jCppaGJkje7JMaJgTODkk2tvWve5pwIXidcP7WgJdAzE0hVhKMasxeZL5U0Z_TtblpRi4Q3Q?auto=format&w=3840,1381,Amazonia - Sebastiao Salgado,0.34
https://i.seadn.io/gae/rSA2G25PquS7QBloAbD1QpyElJhd7Yl5VPtqs0D1i0YrtiFzM5_bCXreb-6EX-JL4zh7-KgCMnvLC-b_FNFPEBaqX0uUneY6WdW7EA?auto=format&w=3840,Smoke and Mirrors #19. Three of Coins,Justin Aversano - Smoke and Mirrors - Collection of 78 Tarot Portraits,10
https://i.seadn.io/gae/N9OlM11hzPAscjl9ZUIuoBho2f_oxCs9g2K-YvcHwASEToaOTVojH8bUNyL-NCcvbLxT1GuqdOyoVOnIA2NKCuiT1TVWQ-mYvAq4?auto=format&w=3840,Rose Arrives #15,Keepers of the Inn,0.022
https://i.seadn.io/gae/HcvHPIMwfrtyGQk_jjM0Kw8U5Lpwu6K7LPT1I5Ob6Z7RlcYAXpbakbdWa80aXbdTtG6__zp_cKFgBIQfonbTUjGX4sbYJMrVsPaHzg?auto=format&w=3840,Bridal Falls #29,Keepers of the Inn,0.022
https://i.seadn.io/gae/HWXWLUh3UjQka9l8JuBW_MRtF6zOFapqVEs_UWNwckOY6nAc9vRwiF8SQjuoitt9A9nvkVoGxX_sQEiIhtquzj95e7f62Al_YYz90A?auto=format&w=3840,Rose Arrives #12,Keepers of the Inn,0.022
https://i.seadn.io/gae/wCmriSxKb3FfT5OTVrzsfwQPVS0CDzPxGdFswsVKGjYDXe1SKd-nVRK5-dqTo4Wv1eRdhYeXBfPM82mCEuFXCNBrVX4VucEH7nTQIw?auto=format&w=3840,Rose Arrives #03,Keepers of the Inn,0.022
https://i.seadn.io/gae/l3ONld_O7oOUdZpNKDS9RlYoH2P2cKC3XnhM3fGLJNymqXSEzcwXzpo-PE9xhfLPYWyvpd8Ch2kMAab8RTP9JhnIssNagdEjjWRR?auto=format&w=3840,Red Night #31,Keepers of the Inn,0.022
https://i.seadn.io/gae/8g6EW8rckAzNAzjNAW55Qu5vl1VMXcliE8iPGqpO5J1V6-NRhK3PxPFFbz4-QHTopJpTFU52AhLogebQL9waCDxZKbBtYiDr8I7p4Q?auto=format&w=3840,Bridal Falls #13,Keepers of the Inn,0.022
https://i.seadn.io/gae/QPGn452Z8pKvyQZymSNSsCiSoGpbydLmynwiPvS1xe5QHdQOoUfBdVCCPfcBZ-8cE9bB-adPLpLE8BtrG1S3zQa9zYeC4zdYessduQ?auto=format&w=3840,650,Amazonia - Sebastiao Salgado,0.18
https://i.seadn.io/gae/8yMc22KNLq_hb7BSS8hV4Y0yJALzD01IqLni4ng7D1M6cJBXU0YWKaglQgtK5PteWT_jwR9emcB_7QK1E7F3aXs4XyPGd88C9qz0Cg?auto=format&w=3840,133,Yaasmyn Fula - The Untold Story of Tupac Amaru Shakur & Yaki Kadafi Fula,0.02
https://i.seadn.io/gae/wXq1i1TTWfYFAHHXm8I50nu-b_tHWE3aFfBUR9qUVXa2-YcQcunhekmma11EtydmiLc_DOkRL9unUc9ZasRBT0A_5hLxwhJHi8Jicw?auto=format&w=3840,PHOTOPIA 2022 #14544,PHOTOPIA 2022 - Genesis Edition,0.002
https://i.seadn.io/gae/Gy06CAFRa6-4-c1kx1HdMPG_2Zg5t-1fw9LvdKowOibBzfLx6NjZ_1_kecRNsd60Y5zoYnKHxSV5avylFxKgsUGQY0_3qwbnEIOH?auto=format&w=3840,PHOTOPIA 2022 #6614,PHOTOPIA 2022 - Genesis Edition,0.007
https://i.seadn.io/gae/aUGuir08nRJ78oJxqh8tjbY5Z4QqaVxDjPWh_XQ6jqpBVs0NvRBlESJ49tLIUpmlRS14Zbl7J0Gl5vWrM0Wn11XzZxpQGYhJhgxgGdQ?auto=format&w=3840,PHOTOPIA 2022 #14283,PHOTOPIA 2022 - Genesis Edition,0.007
https://i.seadn.io/gae/QgS9fmqBsPVTQB9Wy_eUJcdP9YM0GoWTlMGilnu5mqomtBaEjuGDDQ-XJjJPo2Bxlnj43DLRvUCc6wQ4oeifu5YEpTJ61SVOLhtMrQ?auto=format&w=3840,1636,Amazonia - Sebastiao Salgado,0.15
https://i.seadn.io/gae/vDrgxm4JfZe9PendVZMFPumqyO_zTnpiBwdQJv3xuG3__fU-L-QuLyS4OYUqv3e-T37DJByt_jcZHUbhr6yk22kfGA1BG558esJpZw?auto=format&w=3840,DRIP #889,DRIP DROP BY DAVE KRUGMAN,0.40
https://i.seadn.io/gae/7tuf4LhQE07vDK9_5hL-iCBu0u38Lg-AissQzb9FvULmaKFDmOgKSu3IbZub6tjkwiEvS46WgToFzbAevoY4RWjOys47uWF-6nkn-e8?auto=format&w=3840,Miscommunicated Secrets - Floating,Miscommunicated Secrets by Mercedes Jelinek,29.99
https://i.seadn.io/gae/oPNTvoVFoR48sp-5u1RqRaplJJQxiajcIOJThUjcATyqjTiUgmL09l9nXukFCNqZNz25odIQaakzSQqM96UBZqmJIX7yzXCfcfvJqbI?auto=format&w=3840,The End,57 Moments,2
https://i.seadn.io/gae/xSSVHx3XUiQtkQkmORo7XPf4FFng5H6r_vKVi_VsGnMlv1rrbuEUZHlsRO-2D_z31nbBAdRS2_WmLSZtASpG2zg5iXU_NrXQSYNefQ?auto=format&w=3840,Moongirl #1108,Moongirls by Emanuele Ferrari,0.10
https://i.seadn.io/gae/9HiBxNKmQvIsKY23_VqrzbtQSeSALaCgAzxj-U3nakUrkUiI7ZY34axQLUIZoIlr5ohOFQ-f08v2naznsIvQ6K13L5Vp2EUnEJVz?auto=format&w=3840,Secret #931,Secret by Emanuele Ferrari,0.028
https://i.seadn.io/gae/9HiBxNKmQvIsKY23_VqrzbtQSeSALaCgAzxj-U3nakUrkUiI7ZY34axQLUIZoIlr5ohOFQ-f08v2naznsIvQ6K13L5Vp2EUnEJVz?auto=format&w=3840,Secret #372,Secret by Emanuele Ferrari,0.028
https://i.seadn.io/gae/lqdXTZ_uRL_ApntYywKdpUzmlH0A0mOaNAjBkVhsp7M-uBmzvFiN87rlxBsC4BI3CzzQsyE4YhziVqSgELMPraBZ1_iia25hF387tg?auto=format&w=3840,Beans,Editions x Guido,1.01
https://i.seadn.io/gae/aVF5Zf16atjlaxPN-RbqK-mdfwN2jE61QJ6u4qnNYMPqSueDGb72e50wDnrjLpZKCXttXrObEFY9X9qWi5bSTi0G8T3DhMDYfekN?auto=format&w=3840,First Day Out #10089,First Day Out by DrifterShoots,0.125
https://i.seadn.io/gae/000lEwoByYvQDTidxOBYJhpO4-usEf-VIRf8QrvB7woD1IWMfeaTDG9-f5Ht3w39gCWH4hDFLz8kAL8VL78yqDDWkYjcreqJ0Ljw3g?auto=format&w=3840,Tylersjourney Editions - Journey Home,Tylersjourney Editions,0.10
https://i.seadn.io/gae/pBxv8FyRVObGIKH98i1yaxgOv_JuVbm3tqOac5KA6jxbmHKaId5t7MGJGcmV2hd3II4GZgzRn8za689HyJiH7a74L3WlQEI8d0GA?auto=format&w=3840,Metascapes #475,The Metascapes,0.30
https://i.seadn.io/gae/536z7raZ0E4Enw2MQ05Bp7xRklP2VD9ygVbtq0qfUY-aKE6RgZwSCjtu9V39F0LG0Fgmb97qSY05U1Nq4OB38Q6yPTGnSkbU24-vKhE?auto=format&w=3840,908,Yaasmyn Fula - The Untold Story of Tupac Amaru Shakur & Yaki Kadafi Fula,0.14
https://i.seadn.io/gae/bfY6EaOJDDbcslHPYv26mHAxpgPyahYBsWRSScCwj3xSVNost3M4Exp2cH5ulUU0XJVAOQoiDWBtmiXLNouf3cVkgCBi1d20iF-fZtc?auto=format&w=3840,Let It Go - Let It Go #13,Let It Go by Norma Córdova,0.55
https://i.seadn.io/gae/DCf_F-BuKw5t5FuL0VXnjtKW3O1jT1T2QAxPlM_lvLPGGHbpmEzb82OsYPV_eaJOqZxBut_Zo__hGJh7GNpQAsXMLrmXCsxqzLK6vNY?auto=format&w=3840,Women Unite - 10k Assemble 2900,Women Unite - 10k Assemble,0.60
https://i.seadn.io/gae/t2qezz3B9-4n8BYQ4NSh2ZtyLyL2sqbv5jppf-R6o4dNhrmtZCJ6NVRFREONI_-eaOyWBY4uR_MPw0m-aVwaU9wwkB9aCx_53jjklg?auto=format&w=3840,Traces - Artur,Traces by Kim Asendorf,1
https://i.seadn.io/gae/asl2xnjAlr3SXfHT_hIqnpxjpWxXm5U44c5BKSxDshKNtVQtYpKUfJFX7gXHOntVasNHqD65U-W2nlQzsmCCo21kkWxBqzi19i8Y0g?auto=format&w=3840,Traces - George,Traces by Kim Asendorf,3.25
https://i.seadn.io/gae/1ZOCGNTRl8TxPxUV4bgBbcOLQHESfOHGhezD_3xrmYB4ai_t6jIZpBPk1JB9qVVr5o5YWF-dY_zjDwVFg0PBhG3o8w3RI2Y3Hx2evQ?auto=format&w=3840,Traces - Elizabeth,Traces by Kim Asendorf,2.20
https://i.seadn.io/gae/NReIjymr8qZr5rYNg3KstzgtwAqWyitGU4tUmQfvGY0W6bFdZwZLbCQYEbKCF6JitXarpNhiztjp8o0wQ5PQCPYxACGLNIQwYlzNbA?auto=format&w=3840,Traces - Ivan,Traces by Kim Asendorf,1.589
https://i.seadn.io/gae/sqKE5Z7faDsyf96cqCfWKWQhHJU2oT73SHYwOT7vPONkwI2A3aJa5ZaIgh3SSGj0Dxg5mRFEALvTDfvGi-nbfqVRxy_xJZPyiqg?auto=format&w=3840,Traces - Nike,Traces by Kim Asendorf,1.42
https://i.seadn.io/gae/jaPPVr4M4__IL1oHqEg3cV0Jlx-VPc7Xh54NQ6ZN38Fz80RkMEGRhjh7M9nX7fx9uOvybpx8O7t_UoPoZiyeslPsEH-l_QtfLqgl3w?auto=format&w=3840,1367,Amazonia - Sebastiao Salgado,0.239
https://i.seadn.io/gae/FsYpZk1ZfxXHqcnPAeqr88dF75_az8ZMqh3Ldx07ucbH_dzvm-G41uH9Qdz56jZIVxxJJ5iWsgcR6gllzBws52-VFOSHud1ckcub?auto=format&w=3840,1861,Amazonia - Sebastiao Salgado,0.25
https://i.seadn.io/gae/hI0w9YoyQGqTRDtmGDlnMCL_QhhQt1b-3rJU2Qn01ohwiQ2YDAWnPb5Bmm6qOF3VTi-jvPYXGgGxQj7ud7CbjjbRcy-jZryDQT0r?auto=format&w=3840,Layers of you,Petale,0.34
https://i.seadn.io/gae/hmPkmgbAUkU1aHgqzO8FS9tvdQZ1EJZjyTdYzVipLYNvbO74hGT1vgcijBfMLqranQEwZuPFB9_n_wUZLp6y2kzDmZ5PHpXPJGuUYxU?auto=format&w=3840,Red Night #05,Keepers of the Inn,0.04
https://i.seadn.io/gae/bVzEZeBkBW_KAusLhBQtMxQH6WcRdSQc0fRVnsWWRu55YYksNRSJzMoy8JVYdxM9cGQm2L0rbhPJBrrM4mAgmwirhFNA1QLNY7BuPw?auto=format&w=3840,Moongirl #2375,Moongirls by Emanuele Ferrari,0.06
https://i.seadn.io/gae/W1uPuGT_NKLX-W06Bb_zHZhIzHMCxyp0z_z2GBF88tlSqs64qdBk3MfBQgCZvZf8lECOSyA3J1D0yKmNPBWVtXU7z13XSBT190VTIg?auto=format&w=3840,Moongirl #3204,Moongirls by Emanuele Ferrari,0.12
https://i.seadn.io/gae/4d2bgQAZ1n-uAGNTjCrjPcJc4OdKet7Pt3-KYyjYN5aPaT3uUK_i7zjE5u04WC4ZIKhQ9XvdlD_Kf4S-4HDgiO9rBVLjAWmw2ETG?auto=format&w=3840,Moongirl #2376,Moongirls by Emanuele Ferrari,0.06
https://i.seadn.io/gae/rlVwdSgwWgvXwlZf7TMI7Qwj1NzXSfjTEEFeIYJGiMsfSG9LruIoVrRRp_C1iR1UKTO2WE7pOFDbf1NqPayI318i-i4utus-T6CxDg?auto=format&w=3840,Moongirl #2380,Moongirls by Emanuele Ferrari,0.10
https://i.seadn.io/gae/5IOWUK96IUHg4L8mG3Ia5xGpaIqEBXnHsV65GHZ0giHQwhe7OLHtJv1oEeLgnw_DfzI5BZd1DgqKaCNWps_25YAxkdP7umokY5fhig?auto=format&w=3840,Moongirl #2381,Moongirls by Emanuele Ferrari,0.06
https://i.seadn.io/gae/L9GKf_vDUSNMkyP3vGsUQ5g8I_fQOVhk-7YpsU4qgtIoWBAqeMEcMF26CswzEGTVjaCewKzCohXIla5Fv6DlMnrXUh8LED5-6aGLzko?auto=format&w=3840,Moongirl #2383,Moongirls by Emanuele Ferrari,0.06
https://i.seadn.io/gae/ETedxX-Pt10KW5vVvAzf5YT8p_9hYqIDuIp95Kqf8zwfcXUh00WxlYWShiBFAYlt7u5bSBl3dNDlw9iwPOF8Yrvgdcg20rS75L4Z?auto=format&w=3840,Moongirl #1101,Moongirls by Emanuele Ferrari,0.25
https://i.seadn.io/gae/BKMQkOq0dUtQuWJit-UsfOEG9SASw-8STnSr3GEgiasdhk-QveWtcncrSsxeBJu0xpOeVZ0MYzayO65xRbKEKx4_D8FAcFDcYCsBYVs?auto=format&w=3840,644,Amazonia - Sebastiao Salgado,2.286
https://i.seadn.io/gae/QKdBQlNOhBRC5hUGecYqwyPLqMDoVmVm9Ku7aMJQ2NTRdjKHuEMXnLPrHCS_H0sbVtO-kgV9J39YaMZTA1fqhOGsHoK9-sNWfPzCp2E?auto=format&w=3840,135,Amazonia - Sebastiao Salgado,0.128
https://i.seadn.io/gae/l9Lp321WAz31i0nJe9WTLBfvSRB3MsTiBqbe7LBQAZCo1M__chBe6JCE4a9ivGg0412rmeTkkwmdbnei98Q-4tPC9c_zGXe4Z-Y3?auto=format&w=3840,1477,Amazonia - Sebastiao Salgado,0.167
https://i.seadn.io/gae/JsZZTvDv9IJdPRJ94YspL-DJQ7Y8-sCJeQ_xXe5VE3td3V39lMNyTiGo2Fy0hJQ223HrAWXBsqH5WS4E9YJ-wlQfj3ACpnIPDihLCw?auto=format&w=3840,"Communion - Marmalade Skies ,2016",Communion by Nydia Blas,0.18
https://i.seadn.io/gae/JAsDpwGTnnvAsO1nA6QiXAYBqu9u4dme6v4VXAbapjdYuA8lDrekBI5WnsJlj5teGB9c_d11pgqlDkmJc5b-n09ZE3r84zrIEkT6WQ?auto=format&w=3840,1096,Amazonia - Sebastiao Salgado,0.30
https://i.seadn.io/gae/w_jp0Bv31O6QRZF2s4FX1VTRNBL9SajlMs9x3mqsYAvi5MT3cK85_nns6wk3N0ae2EyS1GfMa_zQinaqGsAgkNvHxbkzkGg5X4aAhBg?auto=format&w=3840,1481,Amazonia - Sebastiao Salgado,0.168
https://i.seadn.io/gae/p4Cpe9Uy6xjMDuQYVacktsNl1J3L2XR8boVWWclDdEu1mzoF-Svff_Z8wq1ve3LwUYj8MxTdhJTNOvJoczoIDZ9wD2ak-_esPw2M?auto=format&w=3840,1352,Amazonia - Sebastiao Salgado,0.25
https://i.seadn.io/gae/eD7q451SnyPGHqaBofUtblY1Gblky0JNrVBiLt0uPIvjD_6mQrRv2cR-M10R6WASI8PismInzItZlLkfieiiBoRBlFe9_fM4bSK07ko?auto=format&w=3840,Moongirl #2798,Moongirls by Emanuele Ferrari,1.45
https://i.seadn.io/gae/AiFGX8cEUCKQpqUYrW4qvLGTcp0g8p0TBJ9Dno9s6GQvNOkZrjKog632j7VMQgfpwuUDAvhtoJmTyh8DeSewD9ZmLnhdooIXkesGRg?auto=format&w=3840,1296,Amazonia - Sebastiao Salgado,0.159
https://i.seadn.io/gae/-GI4P0fB8mxoPiGOB4Tqn6YoiX3echSBtSV2sNKahwvpyJth4SL8vSCeaH_EKDMrQHyUi_nHvXHZJPgUShBJBnm183k9vWwhbygGU_w?auto=format&w=3840,1353,Amazonia - Sebastiao Salgado,0.229
https://i.seadn.io/gae/D_B4Tyy0ry0XsG0magATHbv3R0_LcRajaimAqtE3g1nTlV9jE8O_M8bhACz2Ma6XwqYkO0QzhMekrOCEhZV_emyMAofns2V4ZLAw4A?auto=format&w=3840,Moongirl #876,Moongirls by Emanuele Ferrari,0.50
https://i.seadn.io/gae/VzteIqYZIs3PeeLuA1owDRHWKuQvBcsXzTDecMjR6qD8755LTQ_LZqNTCqEzFRrcTTGGuNbl29Hsx8bwsQGculQGlFSZkefNY-mXnPM?auto=format&w=3840,1617,Amazonia - Sebastiao Salgado,1
https://i.seadn.io/gae/hlUqmKYRnFWrX2TIEPaMwYMYJhpKdIwTZrXzbTllYgTSOt7f4_CE8v2-5epplHxOv-oP09T0GRpl3B-dHLyq2uHt3tuliI52z57ITw?auto=format&w=3840,405,Amazonia - Sebastiao Salgado,0.50
https://i.seadn.io/gcs/files/fb00cd7efdf706058c08d79b6a63a2cd.gif?auto=format&w=3840,0:RIVERS - 0:RIVERS :099,0:RIVERS by p1xelfool,0.50
https://i.seadn.io/gae/1dOy1ZzLia_dMjhh5QbOOGMN1ksnKR9-VO1eMnJAUt9aIEw6FvajRV-r3g2DaJ4gjKINfPY4eDhtrtFEcAm_FFy2j1SWMUkdNXZI?auto=format&w=3840,958,Amazonia - Sebastiao Salgado,1.50
https://i.seadn.io/gae/uJCITue-MAk6IGBHxoVn1NCo8PzmdChkmPE5gL74Vj0Nkf6eYEpCwjT1StGBF4TDIQ2jm0bGH8147nnI7ZGBCR7tzm25V3nMt0WyVw?auto=format&w=3840,Secret #120,Secret by Emanuele Ferrari,0.127
https://i.seadn.io/gae/i46i8h4-MXYXBgzkRrn7hGkb9Ibs5QJjTcFGRAYM0gz61TOn-soUPSpEJTjJWbcaNiR_5HFeExMIrJHVbIh26kWJMgsZv6Hps3MxYw?auto=format&w=3840,Women Unite - 10k Assemble 1914,Women Unite - 10k Assemble,0.18
https://i.seadn.io/gae/NyuBZOAUEZRo0h10TheBSC5KDAozldUMQTJdqslHnsNWPa_iQS0YosB7agQuzbs4KG13dpC9JlfnCf6BmWZQSHlovzKFtVBGm_A0VA?auto=format&w=3840,399,Amazonia - Sebastiao Salgado,0.422
https://i.seadn.io/gae/DEehrCw-IvjcPO1fR0NOM8l3NfnSobmoqvNOwXxS-vofap0-gApUm-yPzBjhyykwkXNQKW2ZmJTGVYc3nClFPDj_AxfjKzVX_qIb?auto=format&w=3840,Near Dark,Downpour: Editions,0.091
https://i.seadn.io/gae/VUQFjHANUHTEFcYETpai0BWH_2X9XN7HZncNH4QP13oL9duJFtGLvQs5nsNEp8FKLA5A8lEtIm-TUNZ8NMdsYNRfSwqdL3yfo-w1L-c?auto=format&w=3840,1207,Amazonia - Sebastiao Salgado,0.30
https://i.seadn.io/gae/h0xu6NR1BfV97OCoKmL2n31_Z-_ypSgITxZnuY_ozDPBCae-SF0bOdNwAbmq-xyDuwm3_OTwvgy32lSfGQNAwtnJ82vVYtyakoH1vA?auto=format&w=3840,1363,Amazonia - Sebastiao Salgado,0.218
https://i.seadn.io/gae/_u_3XXCud8ANIiYDKT0JD0hgQKasnYNZkby5EoQzunvG0kvGzsFvfIaIEocyjG2mNz3BTNRSnzyPcG0v0dZzvkXPVoammz7srseQUQ?auto=format&w=3840,The Anti-Heroine (Edition),Cyberpunk New York City,0.30
https://i.seadn.io/gae/e_vHIfwplcNwDQQTLJJIoDpuwdvpdWL0Aa-GUpvdpWCKfhsttpVyS8PQ9RKG3gW-Ml6AdXmjJpMspFxuuFL6rC91MXKk4bPFURc2rQ?auto=format&w=3840,Red Night #49,Keepers of the Inn,0.065
https://i.seadn.io/gae/hF1iIm0PGu7gOAOieInRfQhUadyoTLDlPhsWhnRKlAkHXUXFbwMJ-O_xK_d8yXAEEpThTKJjK0a93RqDdngOeKzPNcOhY_BVnaWLpQ?auto=format&w=3840,451,Amazonia - Sebastiao Salgado,0.251
https://i.seadn.io/gae/uF6YmVeDG9D4yuVReUr5z9pahp-LPpOcgRCZafTbI5rgRVOAnAYdMgnWH1gHmQ2XXt5cBV43UUGUpDCeZqEMtRVhlTEjKKOWC0bNBg?auto=format&w=3840,826,Amazonia - Sebastiao Salgado,3.85
https://i.seadn.io/gae/ACloubA2tQv0OlBTPMzUL5i2rbGEmxI4lwVC2LGx_L8peTODVDttRCBuCuH9GrprlkELQBYE2S3l4id_2s7ixZMAWWFo3_pHD0ouIw?auto=format&w=3840,ICONS - Bunny / Gianna Geller,ICONS by Parker Day,0.146
https://i.seadn.io/gae/gYH696pX1HuKCwXpA0gjZGP-6HXQYcdfzm0PkcZtYvw6Ui2NAJ87ubiQD0jNzasKewxcyzDMJedYZcK3zoQB60OyF-V8z3mApSzzGw?auto=format&w=3840,Women Unite - 10k Assemble 6554,Women Unite - 10k Assemble,0.188
https://i.seadn.io/gae/yryfnpbi7yXfdTVpDO2tPXl76cuhNDdXxZZT_4XL-egzR_MmM1wlbUPdWvkgRZbKD_XtFp9kJV6J8SSj40pqtNuugqoX-S1B5aQq?auto=format&w=3840,407,Amazonia - Sebastiao Salgado,0.272
https://i.seadn.io/gae/836TSnWAiU1aFWPVOXTgTdg_AtMVEb90gUtIN8v3-fyEzdLCrld9Xza4gcHnkXSFVdDUFIxwsNSoenZzssoB9N9PVepM9A-FaGAdZw?auto=format&w=3840,408,Amazonia - Sebastiao Salgado,0.252
https://i.seadn.io/gae/ClDe3rMexbAAqzLetJas0invKWcGFCkeQL5Bv0q1V9uVGoZI2QvQQZuon4LFIy7EgJyb2zDwTLBW95Ky3jNuaXHaSi6rJsM-7m1_z5A?auto=format&w=3840,1193,Amazonia - Sebastiao Salgado,3.339
https://i.seadn.io/gae/g2ZAZ4RD1rWIEXnw6mhqBV27QhNwg0i1Bpgi_Q12HxJo4t-eMxmVw2ByOfKFC-Qoh4nGC9UOMJQLtdejOYNPQIWXo6gkEu6yEU6hwA?auto=format&w=3840,643,Amazonia - Sebastiao Salgado,0.15
https://i.seadn.io/gae/DM_s4ZC0FyVrx60oAYeVqn5BeJQwwy0i-_H5Malgowabew49BmcheoccNX3ujEMZXwRi-HeZBDYP7ee3VxAK_afFr-yGc3PnXC-VBw?auto=format&w=3840,254,Amazonia - Sebastiao Salgado,0.395
https://i.seadn.io/gae/T4Enf985RTPJhFOAdro-gejrIeZQZznCLoF0f-kg78lVEgfsZVY3BvPMFko9FQpX4acrHXFlOpDpQR4A7U2hBjS5CGe5zO3q8CkSYA?auto=format&w=3840,1469,Amazonia - Sebastiao Salgado,2.222
https://i.seadn.io/gae/f1vh48Sf2AWUvQGo3YqJHUwt8AewKU-uG5QjRcAoLrdbVANU_vWI-NW7A7VTbzxzJe9Kcrs0wF7_cOLOcO-y96eWRqL0Wwr2wEncXgg?auto=format&w=3840,DRIP #480,DRIP DROP BY DAVE KRUGMAN,0.35
https://i.seadn.io/gae/Q5uGC9z3eICfXGXOBMutFTmPLa8QuEoESZXEL2idKbAYJiVlifV8eEoyIbTWHYgb7kW4zCYGMpzYK3jGGcpR2WKnxYXXt3x56Ili?auto=format&w=3840,FB #59,Flower Block Series,0.35
https://i.seadn.io/gae/2AyiZ9ZSFzVxcNb4CWwX447UzzrLX4pY59iEgoe45pCTm6HViv7s9aP7eND0FpkboDXgDQAXXTREvToH_E8cy7ORQX7yGD3BRVMN?auto=format&w=3840,Moongirl #409,Moongirls by Emanuele Ferrari,0.08
https://i.seadn.io/gae/8LA200mw5obHh5QxSCHV0WnI77umFUs5LKGNeFpcfis9xmHHcpkiZMh1QSnuzBvY2aEL9TXyN683RSUo37LaDmoC-BC7MO7L_fQKGw?auto=format&w=3840,Women Unite - 10k Assemble 6746,Women Unite - 10k Assemble,0.388
https://i.seadn.io/gae/WvJHH4ObRJOSGpdiy83iiq5kjOes1rfkw8i5SFKJAL-o5wCLkgZ97jjOFBpnnkeQQDpwR9Ewl7EYdPn1T2oMKlqbaVsT3adj96TTkq8?auto=format&w=3840,Moongirl #51,Moongirls by Emanuele Ferrari,0.20
https://i.seadn.io/gae/ydg-kkqLbXGjc_RBZj4VVmMcU8e1O6JFdWQWaZHnRf-QVnpo3KwJWtLQYwH3fHnZgIeqSJzDRr2_GxPYRVy5riQzTj-pgqp_Z4m2?auto=format&w=3840,Moongirl #52,Moongirls by Emanuele Ferrari,0.20
https://i.seadn.io/gae/EUhori9pq1b5kp60Ut_vo50GqsiDQXvWR8E1CsC9q8GlFSC-W6YjYezwZJ9_dVyBl_ceclRED2_kgsG3-U0DtdsuJXyEMmuepeDiaA?auto=format&w=3840,Moongirl #53,Moongirls by Emanuele Ferrari,0.20
https://i.seadn.io/gae/iBhsEmstqVz3LtwJjoCZzJzT9F4K9vZ_tg6Xkh2wx0OfBuyJmj2Enr_VEY65seBTH5ouWvSxcRibrIwZ7Rj1wxQJqB9xX7QGSqfQ?auto=format&w=3840,Moongirl #57,Moongirls by Emanuele Ferrari,0.20
https://i.seadn.io/gae/y_waOeGmT6jFpywTqMmKJh8DJ9nx-wlDOzx1Ph_RRIrrZ2ey65asufVTnqpPGHc46fX81qcYjbUyUND76b9zuEl2sI-1gNx2Ga_Qu_g?auto=format&w=3840,Moongirl #56,Moongirls by Emanuele Ferrari,0.20
https://i.seadn.io/gae/0_nBWBuWrKQIQw806exvWTlRYysjR98RnqYU3rKCLFBU9CRRpXdXRMYi1ScWYKltIPjsCxcsH7fRMQ7YviYxyHFMrGhH6oYx6iNZPnU?auto=format&w=3840,Women Unite - 10k Assemble 6606,Women Unite - 10k Assemble,0.28
https://i.seadn.io/gae/f9s3w_g7Tqhu0O31BXDKlym45avGNDB7TaHCidJsPPjqZ8xgaJlStFkXOo3nRIgsORDO_0aDGGOTSjW8rC-uTBECdVOJsk2y2b704g?auto=format&w=3840,Moongirl #631,Moongirls by Emanuele Ferrari,0.089
https://i.seadn.io/gae/E5MOLEb_bzDuUblzz0AoeEE7VAqNg_OlWo-ievbRkF_0Qq6R-q7tLqrQtJTHi8uzksa2dRsd5axrPOqHpK4lo3BTppCcMQ10YGl43QY?auto=format&w=3840,2070,Amazonia - Sebastiao Salgado,0.80
https://i.seadn.io/gae/BcxZA64pL6NaS6NmSXGoR49XC-RTwpCVfqBI9OhHlMvxCYvpJMPC7c4XkqNCudB3t3Lktb_rhefLu6ZsEA-l8Le_73cy9UqrjcEH1X8?auto=format&w=3840,Moongirl #3027,Moongirls by Emanuele Ferrari,0.135
https://i.seadn.io/gae/GyrouAK9sWSC-G0imCD2Mk9X6tXCufGLqjYR7wJVaXcbkYaX1LHjr08lxoNhyi6in2JRL0nk4mEzPb0cxUPEk_PgOqGZPOQeZkmt?auto=format&w=3840,Moongirl #58,Moongirls by Emanuele Ferrari,0.20
https://i.seadn.io/gae/h4lgyRD9ZUSdzZ59e_0d8QzYR_LNRPGOkWNu1BTqX0P3KBGtayVnjZaxR8Wr7tt9KBcV8yiS5StQJDiEMFxCpwg-ZXHUKwNvGq7jKZI?auto=format&w=3840,376,Amazonia - Sebastiao Salgado,20
https://i.seadn.io/gae/T82G50Q2XIMNK3qCATrRbAmsxrtAAx9myMh97tJ3DjomTK4tGT9XfRJk5GTX_AiyW3x3vy4SodHQ-R0s6lqLDHUDxao9TPmkBW4OUA?auto=format&w=3840,897,Amazonia - Sebastiao Salgado,0.50
https://i.seadn.io/gae/9HiBxNKmQvIsKY23_VqrzbtQSeSALaCgAzxj-U3nakUrkUiI7ZY34axQLUIZoIlr5ohOFQ-f08v2naznsIvQ6K13L5Vp2EUnEJVz?auto=format&w=3840,Secret #435,Secret by Emanuele Ferrari,0.03
https://i.seadn.io/gae/19JURixEQoHW9tABaOEUyJaCoqIGBwle-Lz6GfgWlw23npxOT8lyx1P6QuQ3mHJyCRPCeLGoJtmxAc8TMf4XlbACIi9ttsLLyEHsdQ?auto=format&w=3840,Secret #932,Secret by Emanuele Ferrari,0.457
https://i.seadn.io/gae/UTliGwbe4lEFrnmw1czb98BEkqBYIGTdQD7jlPFF0ECUkanVZyGsJ3EOM3ttGbyFj5EECCAbvjlAuhIWD50M8aoYckpJl5xlvgJm?auto=format&w=3840,Moongirl #2842,Moongirls by Emanuele Ferrari,0.14
https://i.seadn.io/gae/hFRf1KVNfQ2j1oWC1uSEuToBNtGJNMwUlH1PXRgSLC9XuMIyjIAUiMinVPO3z36_6DoEFDOUGaFqL0dcy3Gu8r-2dVFG0ziqCgAc0YQ?auto=format&w=3840,9dcc ITERATION-01 looks L,9dcc ITERATION-01 looks,0.09
https://i.seadn.io/gae/osA47lA4Iyi6v88NHQWCDYE1eHlHvM5EdVDoiErmduppfWQJdidnwU8SGM8W2ttcZD-0C4T26JloVh0JalA2ljD5XKc7pK4QU1RO?auto=format&w=3840,9dcc ITERATION-01 looks M,9dcc ITERATION-01 looks,0.09
